code,name,market,market_cap,shares,avg_trdval_60d,listed_days
005930,삼성전자,KOSPI,2107583438184000,5846278608,6819904932556,133
000660,SK하이닉스,KOSPI,1681977581400000,712702365,6804757746526,133
005935,삼성전자우,KOSPI,185748933494500,802371203,801039958988,133
402340,SK스퀘어,KOSPI,177615987556000,131958386,641605691252,133
005380,현대차,KOSPI,149268411414000,204757766,943574128014,133
009150,삼성전기,KOSPI,135419670848000,74693696,914192894318,133
373220,LG에너지솔루션,KOSPI,103545000000000,234000000,207756970098,133
032830,삼성생명,KOSPI,96000000000000,200000000,118454398089,133
028260,삼성물산,KOSPI,78732360575500,162167581,190132464902,133
329180,HD현대중공업,KOSPI,70638904425000,104961225,285486020554,133
012330,현대모비스,KOSPI,68866030497000,90732583,319247737479,133
000270,기아,KOSPI,65901714062400,390412998,228640962359,133
034020,두산에너빌리티,KOSPI,64056114600000,640561146,495824671655,133
066570,LG전자,KOSPI,63932220415000,162884638,442590055076,133
207940,삼성바이오로직스,KOSPI,63279730017000,46290951,82755368883,133
105560,KB금융,KOSPI,58388381253000,372850455,185567480876,133
012450,한화에어로스페이스,KOSPI,55172839070000,51563401,335032605079,133
006400,삼성SDI,KOSPI,48512489060000,80585530,459812740366,133
034730,SK,KOSPI,48431805604000,72502703,107536648154,133
055550,신한지주,KOSPI,45756680400400,474654361,129896446103,133
035420,NAVER,KOSPI,44003094168000,156873776,297343743242,133
068270,셀트리온,KOSPI,41736787873900,222122341,113906184296,133
010120,LS ELECTRIC,KOSPI,36225000000000,150000000,257275099412,133
267260,HD현대일렉트릭,KOSPI,35866899325000,36047135,180790236178,133
042660,한화오션,KOSPI,35543953704000,306413394,226338839400,133
298040,효성중공업,KOSPI,33046198112000,9324548,181849494053,133
006800,미래에셋증권,KOSPI,32342965664000,559566880,266358904959,133
086790,하나금융지주,KOSPI,32101026516000,274367748,104287848402,133
005490,POSCO홀딩스,KOSPI,31617369273000,79241527,206187002169,133
000150,두산,KOSPI,31059775530000,16193835,131369182916,133
011070,LG이노텍,KOSPI,29631217964000,23667107,265156681395,133
000810,삼성화재,KOSPI,28619030193000,44647473,80617250481,133
010130,고려아연,KOSPI,27594065018000,20872969,56941248955,133
009540,HD한국조선해양,KOSPI,27141489986000,70773116,100555196284,133
017670,SK텔레콤,KOSPI,26891714635600,214790053,113399083606,133
042700,한미반도체,KOSPI,26258511100000,95312200,353340726562,133
051910,LG화학,KOSPI,25060281765000,70592343,129628368436,133
307950,현대오토에버,KOSPI,24626735836000,27423982,131949131095,133
010140,삼성중공업,KOSPI,24376000000000,880000000,199607868463,133
015760,한국전력,KOSPI,24234143906750,641964077,111488415317,133
018260,삼성에스디에스,KOSPI,23252028900000,77377800,123117251369,133
064350,현대로템,KOSPI,22155885479000,109142293,182594267405,133
316140,우리금융지주,KOSPI,21948881968000,734076320,73238516208,133
267250,HD현대,KOSPI,21841588002500,78993085,48600156340,133
003550,LG,KOSPI,21591021900000,154221585,77675261053,133
003670,포스코퓨처엠,KOSPI,19790533950000,88946220,95040971688,133
096770,SK이노베이션,KOSPI,19660839244400,169052788,87589237245,133
247540,에코프로비엠,KOSDAQ,19370425932000,97830434,127729016400,133
033780,KT&G,KOSPI,19163410177600,103810456,50710216177,133
196170,알테오젠,KOSDAQ,19130324451000,53586343,149885205250,133
035720,카카오,KOSPI,18793935625700,441690614,89878061198,133
011200,HMM,KOSPI,18402572794700,943237970,32006695017,133
272210,한화시스템,KOSPI,18400748488600,188919389,187890205405,133
138040,메리츠금융지주,KOSPI,17755545665300,167347273,32009573842,133
086520,에코프로,KOSDAQ,17325036995200,135776152,224878076175,133
086280,현대글로비스,KOSPI,16612500000000,75000000,78262440511,133
024110,기업은행,KOSPI,16227616434150,797425869,29820680624,133
079550,LIG디펜스앤에어로스페이스,KOSPI,15972000000000,22000000,346319766440,133
278470,에이피알,KOSPI,15012700155000,37438155,127824060103,133
000720,현대건설,KOSPI,14943943663000,111355765,212760905939,133
277810,레인보우로보틱스,KOSDAQ,14802091654000,19399858,143260057983,133
047810,한국항공우주,KOSPI,14328840729000,97475107,128714073139,133
030200,KT,KOSPI,13583968821500,252021685,27917588301,133
071050,한국금융지주,KOSPI,13457827068000,55725992,74429995176,133
006260,LS,KOSPI,13275600000000,31200000,93287357299,133
064400,LG씨엔에스,KOSPI,13147423143600,96885948,145726687505,133
010950,S-Oil,KOSPI,12192716373600,112582792,77940551660,133
259960,크래프톤,KOSPI,11626522236000,46136993,41949582902,133
0126Z0,삼성에피스홀딩스,KOSPI,11545734736000,24883049,31486405504,127
005940,NH투자증권,KOSPI,10921954909850,356344369,34530172030,133
454910,두산로보틱스,KOSPI,10805490666000,64819980,127012543420,133
016360,삼성증권,KOSPI,10769580000000,89300000,78548173858,133
047050,포스코인터내셔널,KOSPI,10537775001200,175922788,76794798125,133
323410,카카오뱅크,KOSPI,10496649614000,477120437,21695924184,133
443060,HD현대마린솔루션,KOSPI,10177195420000,44833460,62899504536,133
007660,이수페타시스,KOSPI,10005676549700,73409219,169524093557,133
005387,현대차2우B,KOSPI,9859828260000,34963930,63124909780,133
028050,삼성E&A,KOSPI,9662800000000,196000000,164083673578,133
039490,키움증권,KOSPI,9547107024000,26228316,65771131570,133
005830,DB손해보험,KOSPI,9530300779500,65500349,40922112179,133
047040,대우건설,KOSPI,9368694146400,410907638,767233414552,133
003490,대한항공,KOSPI,9315982723300,368220661,52479303902,133
352820,하이브,KOSPI,9202330161500,43102249,87370097812,133
036930,주성엔지니어링,KOSDAQ,9152132724900,46481121,309096717525,133
950160,코오롱티슈진,KOSDAQ,9151493400000,84736050,62531069951,133
161390,한국타이어앤테크놀로지,KOSPI,8646479816200,123875069,27583229879,133
003230,삼양식품,KOSPI,8587637100000,7533015,74946963366,133
000880,한화,KOSPI,8383391569100,70507919,35360264086,133
034220,LG디스플레이,KOSPI,8345000000000,500000000,154136043600,133
001440,대한전선,KOSPI,8329685330000,195992596,402689246584,133
353200,대덕전자,KOSPI,7783165687500,49416925,136715347951,133
180640,한진칼,KOSPI,7630928489700,66762279,18903315210,133
000990,DB하이텍,KOSPI,7400130418800,43504588,82434564037,133
036570,NC,KOSPI,7281879436000,21544022,38215755686,133
000250,삼천당제약,KOSDAQ,7084156544000,23457472,216918885808,133
267270,HD건설기계,KOSPI,7082856376600,47921897,62375328523,133
058470,리노공업,KOSDAQ,7072459680000,76211850,104961646778,133
009830,한화솔루션,KOSPI,7013215468800,171892536,201869317390,133
028300,HLB,KOSDAQ,6939627418300,133198223,40800204668,133
326030,SK바이오팜,KOSPI,6922891300000,78313250,48757915024,133
062040,산일전기,KOSPI,6888566250000,30615850,119547203225,133
032640,LG유플러스,KOSPI,6854507871800,424427732,20597324806,133
078930,GS,KOSPI,6744212937000,92895495,21405107659,133
021240,코웨이,KOSPI,6694598499600,70767426,25851479817,133
005385,현대차우,KOSPI,6582150720000,23340960,37477500893,133
128940,한미약품,KOSPI,6495172437000,12810991,58926180120,133
000100,유한양행,KOSPI,6491279481500,79647601,23889585947,133
090430,아모레퍼시픽,KOSPI,6393258558700,58492759,33791364575,133
000500,가온전선,KOSPI,6385642390000,16543115,39276727741,133
087010,펩트론,KOSDAQ,6307343175000,23317350,56581172741,133
377300,카카오페이,KOSPI,6302942415000,135256275,25474064607,133
241560,두산밥캣,KOSPI,6249815438000,95856065,21630077959,133
066970,엘앤에프,KOSPI,6068323050000,40455487,143730744341,133
298380,에이비엘바이오,KOSDAQ,5996257287300,55987463,84069260845,133
108490,로보티즈,KOSDAQ,5936096340000,14657028,100552709350,133
010060,OCI홀딩스,KOSPI,5909128428000,18670232,113525641621,133
141080,리가켐바이오,KOSDAQ,5467768038600,37019418,82670859154,133
336260,두산퓨얼셀,KOSPI,5422880512800,65493726,68420071196,133
029780,삼성카드,KOSPI,5416403154250,115858891,6897282466,133
004170,신세계,KOSPI,5374307989000,9445181,29912903437,133
022100,포스코DX,KOSPI,5366825933700,152034729,23455015279,133
440110,파두,KOSDAQ,5365370171700,50096827,121867437680,133
138930,BNK금융지주,KOSPI,5328315156610,310327033,20904640803,133
039030,이오테크닉스,KOSDAQ,5322045600000,12319550,52078286708,133
011790,SKC,KOSPI,5309135379600,37868298,86054436823,133
001040,CJ,KOSPI,5295625137000,29176998,31087178967,133
088980,맥쿼리인프라,KOSPI,5248985043280,478921993,18267123261,133
018880,한온시스템,KOSPI,5131312760000,1026262552,116822616509,133
271560,오리온,KOSPI,5076439348800,39536132,15109411089,133
004020,현대제철,KOSPI,5050922962250,133445785,50750243717,133
052690,한전기술,KOSPI,4876872000000,38220000,44067459917,133
082740,한화엔진,KOSPI,4873313092800,83447142,69070993952,133
002380,KCC,KOSPI,4812021760000,8592896,20300230679,133
240810,원익IPS,KOSDAQ,4805313907900,49083901,76237507369,133
178320,서진시스템,KOSDAQ,4619664832200,63631747,146975849695,133
175330,JB금융지주,KOSPI,4489847978400,188253584,16590895589,133
095340,ISC,KOSDAQ,4483177767000,21197058,72600433972,133
214370,케어젠,KOSDAQ,4388515500000,53715000,14199747915,133
023530,롯데쇼핑,KOSPI,4359297145500,28288755,18702448247,133
310210,보로노이,KOSDAQ,4287705843000,18402171,31527147450,133
088350,한화생명,KOSPI,4216713150000,868530000,42963097930,133
319400,현대무벡스,KOSDAQ,4126482244950,111376039,95994741862,133
450080,에코프로머티,KOSPI,4079713523900,70705607,106297014167,133
103590,일진전기,KOSPI,4077100845000,47685390,55474644291,133
222800,심텍,KOSDAQ,3911234396400,37463931,72506747167,133
051900,LG생활건강,KOSPI,3731067928000,15291262,17168611181,133
347850,디앤디파마텍,KOSDAQ,3683928762700,43804147,65645562784,133
251270,넷마블,KOSPI,3678862237900,81934571,13774019501,133
403870,HPSP,KOSDAQ,3633545000000,82300000,150494672542,133
020150,롯데에너지머티리얼즈,KOSPI,3524195659900,52365463,23124722177,133
012510,더존비즈온,KOSPI,3494865960000,29123883,11140069566,133
080220,제주반도체,KOSDAQ,3478726133000,34442833,217391076971,133
111770,영원무역,KOSPI,3478450238000,44311468,6903318474,133
489790,한화비전,KOSPI,3418064003000,50488390,66521509375,133
043260,성호전자,KOSDAQ,3368834092500,70922823,103278524715,133
011170,롯데케미칼,KOSPI,3310817430600,42775419,25632951187,133
302440,SK바이오사이언스,KOSPI,3240255638900,78456553,5750885507,133
011780,금호석유화학,KOSPI,3222653332500,25157325,16533507684,133
035250,강원랜드,KOSPI,3217665120000,213940500,10834821092,133
005850,에스엘,KOSPI,3204947880000,46448520,15187364062,133
004800,효성,KOSPI,3168959045100,16740407,12080320546,133
226950,올릭스,KOSDAQ,3166890948000,20300583,60051367504,133
036460,한국가스공사,KOSPI,3129410700000,92313000,11199555070,133
097950,CJ제일제당,KOSPI,3025891386000,15054186,16525735308,133
031210,서울보증보험,KOSPI,3023275193400,69821598,6929318632,133
214450,파마리서치,KOSDAQ,3018192744000,10389648,28124553141,133
010170,대한광통신,KOSDAQ,3000873238000,155485660,613192027593,133
017800,현대엘리베이터,KOSPI,2990567452500,39092385,23349220235,133
145020,휴젤,KOSDAQ,2989880019000,12304033,14321132062,133
001450,현대해상,KOSPI,2966639100000,85248250,18443045282,133
009420,한올바이오파마,KOSPI,2962044174600,52240638,26564686743,133
001720,신영증권,KOSPI,2957556000000,16440000,4731776236,133
131970,두산테스나,KOSDAQ,2887489357200,19327238,55942478659,133
014680,한솔케미칼,KOSPI,2842548750000,11370195,23177655165,133
204320,HL만도,KOSPI,2817427200000,46957120,27854308913,133
357780,솔브레인,KOSDAQ,2815840892000,7778566,22132948075,133
012750,에스원,KOSPI,2815739089800,37999178,5102595214,133
064760,티씨케이,KOSDAQ,2806033416000,11179416,22665996287,133
139130,iM금융지주,KOSPI,2801292727520,160624583,13265935682,133
214150,클래시스,KOSDAQ,2782300856350,65235659,12932020739,133
000155,두산우,KOSPI,2757558780000,3996462,13530669670,133
263750,펄어비스,KOSDAQ,2756232979500,64247855,92243942476,133
067310,하나마이크론,KOSDAQ,2751618956400,66464226,89335285416,133
084370,유진테크,KOSDAQ,2745341831600,22916042,27782063149,133
058610,에스피지,KOSDAQ,2743339432000,22177360,48808605264,133
383220,F&F,KOSPI,2723633032500,38307075,6905661436,133
375500,DL이앤씨,KOSPI,2720161696900,38693623,109994027620,133
457190,이수스페셜티케미컬,KOSPI,2689479608000,30218872,36599963266,133
028670,팬오션,KOSPI,2672847560000,534569512,23280303412,133
005290,동진쎄미켐,KOSDAQ,2640252526800,50970126,52176588560,133
069960,현대백화점,KOSPI,2626606281600,21564912,12140740190,133
319660,피에스케이,KOSDAQ,2624384288400,28966714,35785626944,133
007810,코리아써키트,KOSPI,2614105580000,23982620,35678667590,133
001740,SK네트웍스,KOSPI,2575625534760,200593889,74825856035,133
237690,에스티팜,KOSDAQ,2574301449200,20861438,22755479945,133
004990,롯데지주,KOSPI,2511527155200,99663776,7982687130,133
032820,우리기술,KOSDAQ,2496855456300,171605186,414212390060,133
009970,영원무역홀딩스,KOSPI,2447411668100,13499237,3968383161,133
139480,이마트,KOSPI,2439470399600,27595819,23083700109,133
007340,DN오토모티브,KOSPI,2416498724500,58510865,13839948834,133
006360,GS건설,KOSPI,2413398018000,85581490,102277142279,133
026960,동서,KOSPI,2402770000000,99700000,2336327093,133
082920,비츠로셀,KOSDAQ,2380322542500,45339477,41996853582,133
000240,한국앤컴퍼니,KOSPI,2363887476000,94935240,3119791716,133
439260,대한조선,KOSPI,2338648022000,38088730,16872119435,133
483650,달바글로벌,KOSPI,2336721521000,12469165,36428851856,133
004370,농심,KOSPI,2329651886000,6082642,9365321160,133
257720,실리콘투,KOSDAQ,2327956946000,65576252,30362285864,133
085620,미래에셋생명,KOSPI,2325096000000,135180000,8806920596,133
003690,코리안리,KOSPI,2315045506100,176721031,5782278698,133
011210,현대위아,KOSPI,2297984513500,27195083,23242261769,133
282330,BGF리테일,KOSPI,2290117545000,17283906,7897646340,133
131290,티에스이,KOSDAQ,2262062230500,11061429,16929079686,133
051600,한전KPS,KOSPI,2247750000000,45000000,13526864286,133
008930,한미사이언스,KOSPI,2229564530000,68391550,4806515164,133
098460,고영,KOSDAQ,2217548586500,68654755,128410920683,133
071970,HD현대마린엔진,KOSPI,2211681474000,33921495,28735289857,133
218410,RFHIC,KOSDAQ,2188003620800,26553442,61355225350,133
031980,피에스케이홀딩스,KOSDAQ,2169176937000,21562395,25481121840,133
100790,미래에셋벤처투자,KOSDAQ,2148891445300,53124634,201352697577,133
290650,엘앤씨바이오,KOSDAQ,2125212675200,26969704,18912553398,133
030000,제일기획,KOSPI,2117908952250,115041225,8311620788,133
007070,GS리테일,KOSPI,2111087228750,83607415,4869360430,133
081660,미스토홀딩스,KOSPI,2105091456000,53091840,6671173360,133
083650,비에이치아이,KOSDAQ,2091839750000,30944375,43537959417,133
103140,풍산,KOSPI,2090611138800,28024278,30525094206,133
00680K,미래에셋증권2우B,KOSPI,2074800000000,136500000,12451690213,133
018670,SK가스,KOSPI,2064365412000,9257244,9309630375,133
068760,셀트리온제약,KOSDAQ,2051387738400,44402332,5052197010,133
008770,호텔신라,KOSPI,2044827104100,39248121,23436414105,133
095610,테스,KOSDAQ,2025056000000,19360000,34816329690,133
066575,LG전자우,KOSPI,2015366372700,17181299,30996469625,133
229640,LS에코에너지,KOSPI,1984492159200,30624879,23543958350,133
120110,코오롱인더,KOSPI,1982427318400,29946032,31226697783,133
007390,네이처셀,KOSDAQ,1981377972000,64435056,13712797753,133
030530,원익홀딩스,KOSDAQ,1981154212650,77237981,41428416282,133
005440,현대지에프홀딩스,KOSPI,1972189407650,155904301,5386327300,133
035900,JYP Ent.,KOSDAQ,1972053306000,35532492,12450950805,133
161890,한국콜마,KOSPI,1968663421800,23605077,20725239135,133
078600,대주전자재료,KOSDAQ,1962760968000,15577468,60926279410,133
097230,HJ중공업,KOSPI,1941349896000,90295344,56272836451,133
192820,코스맥스,KOSPI,1929416530000,11349509,17436207847,133
140860,파크시스템스,KOSDAQ,1925678975000,7002469,13000443724,133
140410,메지온,KOSDAQ,1923824171100,30392167,32164834485,133
000120,CJ대한통운,KOSPI,1913955661600,22812344,7538394751,133
112610,씨에스윈드,KOSPI,1910364555900,42171403,38701490813,133
009155,삼성전기우,KOSPI,1831399920000,2906984,22725261720,133
322000,HD현대에너지솔루션,KOSPI,1826720000000,11200000,221055090527,133
089030,테크윙,KOSDAQ,1811923240500,37053645,107225237055,133
001430,세아베스틸지주,KOSPI,1796692161900,35862119,20367199474,133
041510,에스엠,KOSDAQ,1792654227000,22894690,9435552575,133
462870,시프트업,KOSPI,1786024653000,58654340,2546105729,133
181710,NHN,KOSPI,1745742308700,32753139,5646570280,133
060370,LS마린솔루션,KOSDAQ,1713434411200,52238854,16444907827,133
023590,다우기술,KOSPI,1688205168000,43287312,2918225595,133
002790,아모레퍼시픽홀딩스,KOSPI,1678257051000,76458180,3640871267,133
096530,씨젠,KOSDAQ,1663397908900,52225994,10179196213,133
347700,스피어,KOSDAQ,1651464912500,50814305,67234419169,133
001800,오리온홀딩스,KOSPI,1647574598600,62645422,4022186375,133
031330,에스에이엠티,KOSDAQ,1626919740090,99995067,15880091109,133
017960,한국카본,KOSPI,1612306363200,51676486,31828354843,133
039200,오스코텍,KOSDAQ,1606843392000,38258176,14883299167,133
005070,코스모신소재,KOSPI,1602603050750,33214571,15772094967,133
445680,큐리옥스바이오시스템즈,KOSDAQ,1598182389500,17203255,20498658917,133
420770,기가비스,KOSDAQ,1589540053200,12675758,14822451903,133
323280,태성,KOSDAQ,1584921162000,30537980,29495855195,133
090360,로보스타,KOSDAQ,1548300000000,9750000,21410069811,133
437730,삼현,KOSDAQ,1547329269600,31707567,15194830619,133
006280,녹십자,KOSPI,1541454362200,11686538,7964082133,133
298020,효성티앤씨,KOSPI,1540654792000,4327682,17762420862,133
395400,SK리츠,KOSPI,1529169509600,301017620,2730755178,133
006040,동원산업,KOSPI,1514030091700,44140819,2475896529,133
001120,LX인터내셔널,KOSPI,1507764000000,38760000,10330672788,133
361610,SK아이이테크놀로지,KOSPI,1493432446000,81787100,5088483817,133
003540,대신증권,KOSPI,1486436842600,49219763,5159383785,133
077970,STX엔진,KOSPI,1481463524700,40148063,30648978370,133
192080,더블유게임즈,KOSPI,1480025413200,21173468,5167647957,133
032500,케이엠더블유,KOSDAQ,1476709535000,42191701,25360607785,133
032350,롯데관광개발,KOSPI,1436806605700,79601474,14155233499,133
020560,아시아나항공,KOSPI,1425455720120,205990711,1117600189,133
069620,대웅제약,KOSPI,1425148725000,11586575,4694701211,133
099320,쎄트렉아이,KOSDAQ,1417095373200,10951278,27643350815,133
073240,금호타이어,KOSPI,1378849377600,287260287,3942521629,133
475830,오름테라퓨틱,KOSDAQ,1370398802500,21513325,23109272700,133
101490,에스앤에스텍,KOSDAQ,1367565743900,21334879,23911971512,133
003570,SNT다이내믹스,KOSPI,1353384767900,33252697,6263332806,133
127120,제이에스링크,KOSDAQ,1345027637100,34621046,8707619801,133
089970,브이엠,KOSDAQ,1342642129000,24771995,24290832539,133
397030,에이프릴바이오,KOSDAQ,1341612229800,23413826,18106901839,133
189300,인텔리안테크,KOSDAQ,1341113375300,10737497,25784543550,133
007310,오뚜기,KOSPI,1324587815000,4007830,2259834825,133
090710,휴림로봇,KOSDAQ,1306861735180,119457197,135087429435,133
294870,IPARK현대산업개발,KOSPI,1301010694200,65907330,7077556275,133
195870,해성디에스,KOSPI,1293700000000,17000000,20340008751,133
417200,LS머트리얼즈,KOSDAQ,1288106627360,67652659,107726592267,133
388720,유일로보틱스,KOSDAQ,1281810336000,11781345,7754500091,133
475150,SK이터닉스,KOSPI,1279216000200,34067004,119035619781,133
038500,삼표시멘트,KOSDAQ,1276649899980,107916306,88552825845,133
030610,교보증권,KOSPI,1269547385540,113962961,2061568166,133
034230,파라다이스,KOSPI,1267169945760,92629382,10557470661,133
004000,롯데정밀화학,KOSPI,1255170000000,25800000,6329445256,133
232140,와이씨,KOSDAQ,1254473401500,82045350,20478719997,133
027360,아주IB투자,KOSDAQ,1250220589920,121145406,196413183814,133
036540,SFA반도체,KOSDAQ,1249898302800,164460303,68673443649,133
003530,한화투자증권,KOSPI,1244377095000,214547775,33564358870,133
051915,LG화학우,KOSPI,1242510080000,7688800,7232497558,133
012630,HDC,KOSPI,1224705280500,59741721,3983526124,133
003380,하림지주,KOSDAQ,1220861268900,112005621,19923186425,133
295310,에이치브이엠,KOSDAQ,1209945474600,12027291,36448565880,133
195940,HK이노엔,KOSDAQ,1206853356600,28329891,8094565229,133
466100,클로봇,KOSDAQ,1206767928600,25459239,20365717644,133
415640,KB발해인프라,KOSPI,1199720914920,122545548,1242946381,133
006110,삼아알미늄,KOSPI,1197777636000,15123455,34239569017,133
085660,차바이오텍,KOSDAQ,1193771342640,92972846,7476084647,133
281820,케이씨텍,KOSPI,1181980061700,19798661,8576899173,133
065350,신성델타테크,KOSDAQ,1179061369200,27483948,8238512298,133
082640,동양생명,KOSPI,1170469357500,156062581,3622707053,133
000815,삼성화재우,KOSPI,1162213230000,3007020,7972181571,133
000080,하이트진로,KOSPI,1155100573170,70133611,2747099574,133
166090,하나머티리얼즈,KOSDAQ,1153038394200,19777674,15828199815,133
281740,레이크머티리얼즈,KOSDAQ,1139767702320,65730548,19921740845,133
093370,후성,KOSPI,1134761391400,107255330,38104736394,133
458870,씨어스,KOSDAQ,1122762330000,38059740,17074396820,133
089860,롯데렌탈,KOSPI,1121960089200,36309388,1558638107,133
328130,루닛,KOSDAQ,1120202498160,74382636,7147759226,133
001820,삼화콘덴서,KOSPI,1119541500000,10395000,75480630096,133
048410,현대바이오,KOSDAQ,1092443075040,96505572,41402432274,133
204270,제이앤티씨,KOSDAQ,1091022068760,57848466,6207261089,133
456040,OCI,KOSPI,1075194649500,8952495,14271147486,133
300720,한일시멘트,KOSPI,1064199174230,73545209,2218405511,133
115180,큐리언트,KOSDAQ,1062797699250,37488455,14939596287,133
000210,DL,KOSPI,1060367730400,20955884,10795661692,133
185750,종근당,KOSPI,1057292948000,13802780,2545520474,133
003090,대웅,KOSPI,1047137059800,58141980,1855755687,133
388210,씨엠티엑스,KOSDAQ,1044610191600,9654438,18006414852,129
003240,태광산업,KOSPI,1035462000000,1113400,3171104150,133
137400,피엔티,KOSDAQ,1017516767600,23690728,11284086955,133
330590,롯데리츠,KOSPI,1012835938420,288968884,1723741992,133
100090,SK오션플랜트,KOSPI,1012145689800,62478129,51436591255,133
003470,유안타증권,KOSPI,1007962708800,199596576,16098052408,133
124500,아이티센글로벌,KOSDAQ,1004756019100,23204527,18038176738,133
280360,롯데웰푸드,KOSPI,1001457651200,9204574,2248192497,133
009450,경동나비엔,KOSPI,999405411200,14568592,4845621133,133
005300,롯데칠성,KOSPI,996552141600,9278884,2674456599,133
356860,티엘비,KOSDAQ,993095630000,9832630,26949106690,133
161580,필옵틱스,KOSDAQ,989262823400,23442247,23822073639,133
090460,비에이치,KOSPI,986062486500,33711538,24936663155,133
071055,한국금융지주우,KOSPI,981257042500,5858251,4171386718,133
056190,에스에프에이,KOSDAQ,955173016000,35908760,3730248703,133
183300,코미코,KOSDAQ,950876175600,10460684,20954697370,133
036830,솔브레인홀딩스,KOSDAQ,944208325050,20503981,7330911862,133
160190,하이젠알앤엠,KOSDAQ,938995200000,30888000,8306575123,133
126340,비나텍,KOSDAQ,936516520800,7143528,24232728490,133
365550,ESR켄달스퀘어리츠,KOSPI,926525085000,246089000,1618005414,133
057050,현대홈쇼핑,KOSPI,926400000000,12000000,1989904480,133
000670,영풍,KOSPI,926057354900,18410683,2147778141,133
358570,지아이이노베이션,KOSDAQ,908145994230,64270771,10757216873,133
137310,에스디바이오센서,KOSPI,900788300920,120749102,1264506562,133
033100,제룡전기,KOSDAQ,899494904000,16062409,25327864493,133
248070,솔루엠,KOSPI,896076262640,47816236,7435144744,133
035760,CJ ENM,KOSDAQ,893613025500,21929154,4047305911,133
213420,덕산네오룩스,KOSDAQ,888956208200,24831179,12389995918,133
052020,에스티큐브,KOSDAQ,888541613370,67983291,10830437031,133
456160,지투지바이오,KOSDAQ,888485778300,16545359,42842863570,133
083450,GST,KOSDAQ,888326000000,18430000,19458383430,133
033790,피노,KOSDAQ,886713356760,82331788,41787830667,133
298050,HS효성첨단소재,KOSPI,886581709200,4479948,4311563456,133
192400,쿠쿠홀딩스,KOSPI,880164078750,35562185,943862571,133
050890,쏠리드,KOSDAQ,875501654940,60756534,172851228196,133
108320,LX세미콘,KOSPI,873392910000,16264300,7122463700,133
293490,카카오게임즈,KOSDAQ,871830905810,89786911,4223861854,133
006340,대원전선,KOSPI,871184161760,78414416,183466654657,133
033240,자화전자,KOSPI,865300355100,21605502,11378318391,133
376900,로킷헬스케어,KOSDAQ,860359363800,15873789,42731066546,133
033640,네패스,KOSDAQ,860108234600,23059202,12360587867,133
222080,씨아이에스,KOSDAQ,859470591200,77780144,71656600506,133
499790,GS피앤엘,KOSPI,858675415300,19830841,6802581996,133
00088K,한화3우B,KOSPI,855735848100,19404441,3423024825,133
086450,동국제약,KOSDAQ,837667378400,45230420,15790777645,133
005690,파미셀,KOSPI,837055995300,60004014,18409805375,133
030190,NICE평가정보,KOSPI,835365452860,58911527,1832752329,133
094170,동운아나텍,KOSDAQ,826987968800,20909936,7698859953,133
010780,아이에스동서,KOSPI,821085747200,30186976,4056085843,133
006120,SK디스커버리,KOSPI,820187672100,17413751,2811890892,133
079900,전진건설로봇,KOSPI,815723265500,14592545,11406933756,133
046890,서울반도체,KOSDAQ,812194222000,58305400,28064577327,133
214320,이노션,KOSPI,810000000000,40000000,4440021243,133
122870,와이지엔터테인먼트,KOSDAQ,809322421700,18691049,8539200445,133
451800,한화리츠,KOSPI,809098000000,179600000,1143937058,133
052400,코나아이,KOSDAQ,808262650500,14563291,9677124376,133
036530,SNT홀딩스,KOSPI,807857551300,16303886,1014631989,133
014620,성광벤드,KOSDAQ,806015997400,26557364,14566495453,133
075580,세진중공업,KOSPI,804419802400,56849456,5267927102,133
336370,솔루스첨단소재,KOSPI,798371201280,70217344,10712431299,133
074600,원익QnC,KOSDAQ,793897600000,26288000,15164944785,133
006650,대한유화,KOSPI,792350000000,6500000,11009313315,133
476060,온코닉테라퓨틱스,KOSDAQ,789642337600,45407840,14887730512,133
025540,한국단자,KOSPI,784924000000,10115000,2752905732,133
056080,유진로봇,KOSDAQ,784003976800,37512152,17248227254,133
071320,지역난방공사,KOSPI,781565220000,11578744,2394760372,133
064960,SNT모티브,KOSPI,777629969600,26540272,2660527962,133
253450,스튜디오드래곤,KOSDAQ,775509248400,30058498,2606622803,133
059090,미코,KOSDAQ,775269249600,33416778,14039615833,133
032190,다우데이타,KOSDAQ,767915000000,38300000,3019547625,133
121600,나노신소재,KOSDAQ,765855687500,12253691,10457127501,133
348370,엔켐,KOSDAQ,759215907450,21910993,19682175744,133
023160,태광,KOSDAQ,757910190600,25867242,19959922721,133
252990,샘씨엔에스,KOSDAQ,753927970280,60217889,10877227539,133
004490,세방전지,KOSPI,752598000000,13860000,2938358419,133
241710,코스메카코리아,KOSDAQ,748668000000,10680000,6689059225,133
486990,노타,KOSDAQ,744983427000,21346230,19883441727,133
037460,삼지전자,KOSDAQ,740044972700,16318522,16338273593,133
171090,선익시스템,KOSDAQ,739512223200,10102626,18619612445,133
003850,보령,KOSPI,738627852270,85787207,1522569390,133
001510,SK증권,KOSPI,737831321150,231295085,142244079889,133
009240,한샘,KOSPI,735435250000,23533928,2524528943,133
079160,CJ CGV,KOSPI,728562494000,165582385,2335973661,133
285130,SK케미칼,KOSPI,723953357100,17298766,3271930731,133
100840,SNT에너지,KOSPI,723827405000,20680783,23481822663,133
005090,SGC에너지,KOSPI,721907583300,14409333,9805953560,133
365340,성일하이텍,KOSDAQ,718413994000,12921115,5784603227,133
002020,코오롱,KOSPI,713794704000,12907680,6430049305,133
000370,한화손해보험,KOSPI,712107381500,116738915,5303252830,133
003160,디아이,KOSPI,710330000000,28300000,14337856297,133
336570,원텍,KOSDAQ,702312264640,89580646,8456948425,133
060250,NHN KCP,KOSDAQ,697188206960,40160611,14347827546,133
225570,넥슨게임즈,KOSDAQ,694824835700,65860174,1772706534,133
006730,서부T&D,KOSDAQ,694068806870,64926923,9050895250,133
00104K,CJ4우(전환),KOSPI,691034712000,4226512,1900251808,133
053800,안랩,KOSDAQ,679829516600,11126506,3012001580,133
174900,앱클론,KOSDAQ,676377173100,19952129,25331214623,133
053610,프로텍,KOSDAQ,675000000000,9000000,5915931501,133
178920,PI첨단소재,KOSPI,673957089900,29366322,7539833583,133
348340,뉴로메카,KOSDAQ,667556154000,12362151,30892783997,133
009520,포스코엠텍,KOSDAQ,664201112850,41642703,6080773756,133
002350,넥센타이어,KOSPI,664141563600,97667877,1224072735,133
317450,명인제약,KOSPI,663570000000,14600000,1295234235,133
005880,대한해운,KOSPI,663245783700,322747340,73139026420,133
044490,태웅,KOSDAQ,663244680150,20007381,25953396290,133
112040,위메이드,KOSDAQ,662674388160,33948483,3979520160,133
102940,코오롱생명과학,KOSDAQ,662384511800,13090603,2493385877,133
058650,세아홀딩스,KOSPI,661788816000,4242236,917512000,133
389470,인벤티지랩,KOSDAQ,661393087600,13307708,9390889185,133
069260,TKG휴켐스,KOSPI,661006767960,40878588,3063126362,133
001680,대상,KOSPI,657619514500,34648025,2326206074,133
114090,GKL,KOSPI,657525772100,61855670,3652368040,133
005180,빙그레,KOSPI,657174297900,9269031,2974388396,133
003620,KG모빌리티,KOSPI,654682840320,202374912,4798573337,133
348210,넥스틴,KOSDAQ,653765112000,10477005,6815219531,133
036810,에프에스티,KOSDAQ,649493670000,21649789,10423289675,133
293940,신한알파리츠,KOSPI,649448460510,120940123,1602076471,133
007700,F&F홀딩스,KOSPI,647342773850,39114367,336749850,133
093050,LF,KOSPI,646204000000,29240000,1365697031,133
383310,에코프로에이치엔,KOSDAQ,642881665800,20974932,8207217872,133
249420,일동제약,KOSPI,642256515600,31638252,5544146558,133
327260,RF머트리얼즈,KOSDAQ,639683665500,8495135,33141004121,133
008060,대덕,KOSPI,635128089400,31287098,2485029302,133
086900,메디톡스,KOSDAQ,634239389300,7298497,4635031139,133
002960,한국쉘석유,KOSPI,632450000000,1300000,2281835570,133
399720,가온칩스,KOSDAQ,631010385200,11838844,9502471648,133
001060,JW중외제약,KOSPI,626391517000,23285930,2098211512,133
089890,코세스,KOSDAQ,621936075000,16584962,8930326470,133
484870,엠앤씨솔루션,KOSPI,616972860000,9153900,3331530416,133
383800,LX홀딩스,KOSPI,614822361400,76280690,2163318600,133
005389,현대차3우B,KOSPI,614447328000,2327452,5247137441,133
082270,젬백스,KOSDAQ,613128461550,44269203,9115437490,133
033160,엠케이전자,KOSDAQ,608490819900,24194466,32606068366,133
001270,부국증권,KOSPI,604564353800,10369886,1559320775,133
000640,동아쏘시오홀딩스,KOSPI,594482134100,6732527,1549876090,133
000400,롯데손해보험,KOSPI,591501025920,310336320,1880993107,133
014820,동원시스템즈,KOSPI,591422152800,28991282,1239657253,133
017940,E1,KOSPI,591332000000,6860000,1927712377,133
102710,이엔에프테크놀로지,KOSDAQ,590087626800,14287836,7276524919,133
253590,네오셈,KOSDAQ,588724180880,43869164,29041829245,133
033500,동성화인텍,KOSDAQ,587494187460,29989494,7647432281,133
003030,세아제강지주,KOSPI,586872796900,4141657,9405263084,133
448900,한국피아이엠,KOSDAQ,580110643500,6074457,27409666341,133
001500,현대차증권,KOSPI,579993952720,61833044,3599546374,133
041830,인바디,KOSDAQ,576307705500,13480882,2472578990,133
425420,티에프이,KOSDAQ,572909198400,12347181,13723475110,133
067160,SOOP,KOSDAQ,571864658250,11494767,3318376583,133
002840,미원상사,KOSPI,562400000000,4750000,597771960,133
015750,성우하이텍,KOSDAQ,561600000000,80000000,13008745508,133
376300,디어유,KOSDAQ,561413301900,23738406,4008171402,133
453340,현대그린푸드,KOSPI,559810159880,32471587,979399549,133
089010,켐트로닉스,KOSDAQ,559280400450,16770027,13457746070,133
272290,이녹스첨단소재,KOSDAQ,559247127450,19937509,10523331075,133
005810,풍산홀딩스,KOSPI,557949200400,14417292,10685994755,133
093320,케이아이엔엑스,KOSDAQ,551928000000,4880000,1103105887,133
039130,하나투어,KOSPI,549892586000,15489932,2556589152,133
161000,애경케미칼,KOSPI,549730411700,48648709,21271604401,133
019210,와이지-원,KOSDAQ,547119738880,37193728,18389759259,133
016380,KG스틸,KOSPI,547048666590,100008897,4802040299,133
475960,토모큐브,KOSDAQ,546037579200,13383274,5988279457,133
356680,엑스게이트,KOSDAQ,544895262280,28543492,49820917253,133
122640,예스티,KOSDAQ,542959203150,21418509,8495062843,133
278280,천보,KOSDAQ,541431226000,12180680,6991731532,133
452260,한화갤러리아,KOSPI,535052523600,193859610,25078650306,133
005250,녹십자홀딩스,KOSPI,533299901400,47028210,5150554035,133
041960,코미팜,KOSDAQ,526810709350,73886495,3097755732,133
045100,한양이엔지,KOSDAQ,525000000000,17500000,5806210508,133
077360,덕산하이메탈,KOSDAQ,524797373100,45437002,29338191338,133
368770,파이버프로,KOSDAQ,524024888750,32854225,37725073642,133
003300,한일홀딩스,KOSPI,522309054960,30832884,985281294,133
200710,에이디테크놀로지,KOSDAQ,520979670900,13462007,17811329110,133
460930,현대힘스,KOSDAQ,520231330150,35510671,9768623182,133
214430,아이쓰리시스템,KOSDAQ,518081543500,7307215,6745466585,133
017900,광전자,KOSPI,515699490700,57943763,103131463748,133
003545,대신증권우,KOSPI,515169590150,25191667,2378087223,133
104830,원익머트리얼즈,KOSDAQ,514406400000,12608000,4120350493,133
002240,고려제강,KOSPI,512190000000,27000000,1327994022,133
092190,서울바이오시스,KOSDAQ,509597735130,45868383,11588128436,133
064290,인텍플러스,KOSDAQ,506196904700,12863962,15857199775,133
041190,우리기술투자,KOSDAQ,502320000000,84000000,6757215713,133
460860,동국제강,KOSPI,502033132040,49608017,7200782353,133
020000,한섬,KOSPI,501487809900,21476994,3620278889,133
042000,카페24,KOSDAQ,500488098300,24178169,2751432578,133
005420,코스모화학,KOSPI,498538799440,38408228,4420634704,133
284740,쿠쿠홈시스,KOSPI,496986859500,22437330,468019943,133
001530,DI동일,KOSPI,496139122950,20715621,2888330417,133
031430,신세계인터내셔날,KOSPI,496101480000,34986000,2331710411,133
230360,에코마케팅,KOSDAQ,495980128000,30998758,445943466,133
332570,PS일렉트로닉스,KOSDAQ,495142567800,46711563,46277115511,133
094800,맵스리얼티,KOSPI,492950297610,92834331,854974917,133
393890,더블유씨피,KOSDAQ,490725588000,33843144,25521957833,133
035890,서희건설,KOSDAQ,489492013410,229808457,5969308060,133
377740,바이오노트,KOSPI,485996448960,101886048,424973946,133
271940,일진하이솔루스,KOSPI,484054822700,36313190,1597038843,133
099190,아이센스,KOSDAQ,483122791200,28757309,2435447699,133
019170,신풍제약,KOSPI,480153661520,52418522,4170306893,133
030520,한글과컴퓨터,KOSDAQ,478758931200,24179744,3030296318,133
199800,툴젠,KOSDAQ,478673862800,8997629,5188381559,133
009410,태영건설,KOSPI,477036895034,297590078,2136152947,133
003280,흥아해운,KOSPI,475320025323,240424899,215910167085,133
125490,한라캐스트,KOSDAQ,475260623040,36502352,24924081154,133
009900,명신산업,KOSPI,474330002320,52470133,7173614200,133
290550,디케이티,KOSDAQ,472029028000,20001230,13797250231,133
060280,큐렉소,KOSDAQ,472011997600,41259790,14198620744,133
025980,아난티,KOSDAQ,471909801500,97300990,8748833226,133
448730,삼성FN리츠,KOSPI,471639000000,91050000,871309831,133
211050,인카금융서비스,KOSDAQ,470960560920,49263657,1711531965,133
000157,두산2우B,KOSPI,469737988000,893038,1013226220,133
005945,NH투자증권우,KOSPI,468000006400,18870968,2343537243,133
016610,DB증권,KOSPI,466910279000,42446389,1746280195,133
014830,유니드,KOSPI,464934120000,6767600,3618016430,133
372320,큐로셀,KOSDAQ,459061427700,15225918,8953289925,133
003000,부광약품,KOSPI,453364163245,98664671,19893385958,133
001200,유진투자증권,KOSPI,450913175790,96866418,12803994321,133
024850,HLB이노베이션,KOSDAQ,450900324800,31753544,9120506538,133
455900,엔젤로보틱스,KOSDAQ,448343648300,15301831,2799262459,133
011930,신성이엔지,KOSPI,447719726250,20584815,115082678260,133
008730,율촌화학,KOSPI,446648000000,24800000,2235608056,133
078160,메디포스트,KOSDAQ,445364290080,39204603,7433146346,133
018290,브이티,KOSDAQ,445159016120,34941838,3718598349,133
145990,삼양사,KOSPI,444509651900,10313449,449590401,133
340570,티앤엘,KOSDAQ,442163200000,8128000,3813788798,133
101930,인화정공,KOSDAQ,440408471400,46164410,720282454,133
034310,NICE,KOSPI,439983169290,36757157,699323079,133
330860,네패스아크,KOSDAQ,439234822250,12184045,19863544334,133
170920,엘티씨,KOSDAQ,437883022700,10564126,11885054920,133
025320,시노펙스,KOSDAQ,437310839485,92162453,4123649299,133
064260,다날,KOSDAQ,436474286890,75645457,35161016823,133
389500,에스비비테크,KOSDAQ,436457416000,6663472,18120084663,133
130660,한전산업,KOSPI,436188000000,32600000,13867103990,133
006405,삼성SDI우,KOSPI,435214024000,1617896,5800681491,133
004690,삼천리,KOSPI,434850562300,3626777,2389327687,133
006910,보성파워텍,KOSDAQ,434798942400,49129824,101669454445,133
000070,삼양홀딩스,KOSPI,433186057800,7763191,908505574,133
025900,동화기업,KOSDAQ,429231349650,50557285,2472893957,133
950210,프레스티지바이오파마,KOSPI,429086546700,60096155,870262546,133
095660,네오위즈,KOSDAQ,427536429840,21636459,1634879077,133
138080,오이솔루션,KOSDAQ,427032651000,12377758,47904927955,133
078350,한양디지텍,KOSDAQ,426842696000,15244382,11316442911,133
425040,티이엠씨,KOSDAQ,425356171800,21374682,49435163904,133
251970,펌텍코리아,KOSDAQ,425320000000,12400000,1752108821,133
107640,한중엔시에스,KOSDAQ,423786225500,9064946,16549032187,133
381970,케이카,KOSPI,423276752160,48820848,2269619024,133
072710,농심홀딩스,KOSPI,422038890000,4637790,660791032,133
036620,감성코퍼레이션,KOSDAQ,419937497440,90503771,3284429950,133
079940,가비아,KOSDAQ,418725340800,13420684,1051178394,133
039440,에스티아이,KOSDAQ,418690269000,15507047,8421640550,133
013030,하이록코리아,KOSDAQ,415415483200,11768144,3607711595,133
215200,메가스터디교육,KOSDAQ,413053857600,10365216,1700715259,133
230240,에치에프알,KOSDAQ,411913550000,13309000,22417188953,133
027410,BGF,KOSPI,407274945705,95716791,1908791401,133
101160,월덱스,KOSDAQ,406170427800,16510993,3885674491,133
029530,신도리코,KOSPI,405145899300,9715729,600171206,133
456010,아이씨티케이,KOSDAQ,404914836600,14010894,46636097279,133
168360,펨트론,KOSDAQ,404194897540,21707567,4855324132,133
060980,HL홀딩스,KOSPI,404008691500,9078847,1272067808,133
287840,인투셀,KOSDAQ,402588528000,15021960,3575132789,133
069540,빛과전자,KOSDAQ,402546269880,104017124,104571192933,133
015360,INVENI,KOSPI,401120000000,27250000,827151089,133
117730,티로보틱스,KOSDAQ,400179682820,22558043,4569235892,133
394280,오픈엣지테크놀로지,KOSDAQ,398886464200,26346530,6406171733,133
085910,네오티스,KOSDAQ,398535794800,13934818,5768422893,133
468530,프로티나,KOSDAQ,397819248400,11035208,8542464772,133
452280,한선엔지니어링,KOSDAQ,397464385500,19247670,18101700809,133
145720,덴티움,KOSPI,395836596900,8623891,2404616872,133
417310,코람코더원리츠,KOSPI,395112000000,40400000,1746093983,133
012030,DB,KOSPI,393898560814,201173933,4311638909,133
010820,퍼스텍,KOSPI,393101820280,48771938,65657487861,133
065680,우주일렉트로,KOSDAQ,392720017500,9240471,1501401494,133
403550,쏘카,KOSPI,392132309880,32841902,1785312048,133
424870,이뮨온시아,KOSDAQ,390820862250,74442069,3709977054,133
015860,일진홀딩스,KOSPI,389845115700,49347483,3963565363,133
357120,코람코라이프인프라리츠,KOSPI,387881385690,97335354,611477274,133
306200,세아제강,KOSPI,387438580000,2836300,3647441420,133
078130,국일제지,KOSDAQ,386136510475,112740587,3822718704,133
002810,삼영무역,KOSPI,385959213200,18466948,476759928,133
0120G0,삼양바이오팜,KOSPI,385921653000,7435870,8806393662,127
354320,알멕,KOSDAQ,385400274300,6391381,17307999357,133
017810,풀무원,KOSPI,385017474200,38120542,663389182,133
144960,뉴파워프라즈마,KOSDAQ,384932017440,43692624,8013853109,133
067630,HLB생명과학,KOSDAQ,384648317990,121917058,1435483912,133
215600,신라젠,KOSDAQ,383100604460,138553564,5074610809,133
105840,우진,KOSPI,382543869800,20197670,24992024528,133
254490,미래반도체,KOSDAQ,381163200000,14438000,18767577530,133
047920,HLB제약,KOSDAQ,380800523160,32799356,2176904326,133
090435,아모레퍼시픽우,KOSPI,380609771500,10557830,874025814,133
241770,메카로,KOSDAQ,379675840000,10192640,2053097688,133
110990,디아이티,KOSDAQ,377622000000,18900000,4646508824,133
170900,동아에스티,KOSPI,375493813400,9727819,831368841,133
344820,KCC글라스,KOSPI,375307032000,15970512,857940986,133
042520,한스바이오메드,KOSDAQ,375073952100,14261367,10013899724,133
098070,한텍,KOSDAQ,374226394650,11121141,11602435612,133
097520,엠씨넥스,KOSPI,374132250000,17401500,1349125487,133
092200,디아이씨,KOSPI,373330262400,38888569,7430594347,133
02826K,삼성물산우B,KOSPI,369098885000,1467590,2230172913,133
078020,LS증권,KOSDAQ,366175854000,55481190,2444574652,133
092870,엑시콘,KOSDAQ,365422316000,13050797,11032025987,133
286940,롯데이노베이트,KOSPI,364617744700,15129367,1071561771,133
206650,유바이오로직스,KOSDAQ,363560739300,36723307,3794616099,133
016590,신대양제지,KOSPI,363486336400,40297820,1002302212,133
089590,제주항공,KOSPI,362481227575,80640985,1546564023,133
179900,유티아이,KOSDAQ,362362443720,19790412,3839294234,133
084110,휴온스글로벌,KOSDAQ,360804642000,12659812,5270211663,133
006220,제주은행,KOSPI,357952334790,37798557,2087651001,133
092790,넥스틸,KOSPI,357787520000,26002000,24305449406,133
002030,아세아,KOSPI,357416707200,2058852,679058712,133
004710,한솔테크닉스,KOSPI,357217168290,31417517,16603776353,133
002710,TCC스틸,KOSPI,356768416170,26213697,5548027925,133
187660,페니트리움바이오,KOSDAQ,356648006790,55466253,63891672904,133
126720,수산인더스트리,KOSPI,355721400000,14286000,2714068850,133
304360,에스바이오메딕스,KOSDAQ,354214660800,12385128,2728966286,133
234340,헥토파이낸셜,KOSDAQ,354156129600,13970656,35658172910,133
452430,사피엔반도체,KOSDAQ,353332018800,8255421,4348261993,133
265520,AP시스템,KOSDAQ,352189211400,15050821,4223256143,133
389650,넥스트바이오메디컬,KOSDAQ,351784655000,8277286,5464817520,133
105630,한세실업,KOSPI,351200000000,40000000,960450063,133
080580,오킨스전자,KOSDAQ,350320762550,21090955,16179901769,133
010690,화신,KOSPI,349204100000,34920410,6382037813,133
488900,비츠로넥스텍,KOSDAQ,349166138150,28976443,4194870431,128
114810,한솔아이원스,KOSDAQ,348693925860,28143174,7015573467,133
441270,파인엠텍,KOSDAQ,348455620200,41731212,6563203001,133
200880,서연이화,KOSPI,347855984190,27028437,1607021935,133
183190,아세아시멘트,KOSPI,347541194560,36506428,1135574174,133
079370,제우스,KOSDAQ,347390288000,31016990,8226870796,133
200470,에이팩트,KOSDAQ,347369162600,42362093,10155734481,133
119850,지엔씨에너지,KOSDAQ,347071979900,16448909,5890345840,133
084690,대상홀딩스,KOSPI,346916114040,36212538,756194085,133
445090,에이직랜드,KOSDAQ,342519378300,10925658,2668222323,133
241520,DSC인베스트먼트,KOSDAQ,342076000000,26600000,23498426023,133
058430,포스코스틸리온,KOSPI,338400000000,60000000,14850243902,133
376270,HEM파마,KOSDAQ,337829470300,7203187,1959353394,133
417840,저스템,KOSDAQ,337012653970,22663931,21639515683,133
029460,케이씨,KOSPI,335575290750,11020535,1509457126,133
005950,이수화학,KOSPI,334461829680,26294169,15794935125,133
011760,현대코퍼레이션,KOSPI,334031391500,13228966,1816674032,133
091700,파트론,KOSDAQ,334000000000,50000000,2639517792,133
317330,덕산테코피아,KOSDAQ,333563553360,20476584,7388503181,133
475400,씨메스로보틱스,KOSDAQ,331520948400,11756062,5844706469,133
243070,휴온스,KOSDAQ,331237737250,11979665,2017035457,133
192650,드림텍,KOSPI,330731284205,68974199,2137322367,133
091810,트리니티항공,KOSPI,330375588000,412969485,1773138941,133
101730,위메이드맥스,KOSDAQ,329765930410,83803286,790199325,133
160980,싸이맥스,KOSDAQ,328819714300,10924243,7288285830,133
025860,남해화학,KOSPI,327880363800,49678843,43618490572,133
049070,인탑스,KOSDAQ,327660000000,17200000,2255339272,133
069080,웹젠,KOSDAQ,327316697750,30966575,1005533912,133
009290,광동제약,KOSPI,326188742400,49799808,2799342869,133
274090,켄코아에어로스페이스,KOSDAQ,325542086100,13735953,29537703614,133
482630,삼양엔씨켐,KOSDAQ,323946544000,21888280,6626300507,133
064820,케이프,KOSDAQ,322489246750,30860215,3375756751,133
042370,비츠로테크,KOSDAQ,322260307500,26200025,16568500542,133
078340,컴투스,KOSDAQ,322233491450,12091313,1901935427,133
484590,삼양컴텍,KOSDAQ,321853614500,41210450,5525505155,133
018250,애경산업,KOSPI,320088412200,26409935,1828511523,133
092460,한라IMS,KOSDAQ,319951016000,17109680,2611241308,133
009160,SIMPAC,KOSPI,319664033520,65370968,1141938631,133
203650,드림시큐리티,KOSDAQ,319467531200,101097320,47493003412,133
126560,현대퓨처넷,KOSPI,318867036800,109201040,395570956,133
094360,칩스앤미디어,KOSDAQ,318620688080,21355274,2203581896,133
365270,큐라클,KOSDAQ,317395244960,22071992,5771956973,133
089980,상아프론테크,KOSDAQ,315943371120,15989037,4768964116,133
378340,필에너지,KOSDAQ,315730577200,21625382,4079104238,133
219130,타이거일렉,KOSDAQ,314451642000,6314290,2910472846,133
194370,제이에스코퍼레이션,KOSPI,314251489140,29016758,1570342160,133
204620,글로벌텍스프리,KOSDAQ,313463651800,70283330,6937786961,133
099430,바이오플러스,KOSDAQ,313134867760,61640722,2081601542,133
052710,아모텍,KOSDAQ,311247229800,14612546,19852039544,133
000650,천일고속,KOSPI,310855350000,1429220,8441283619,133
298830,슈어소프트테크,KOSDAQ,310059294200,53458499,7085826961,133
036200,유니셈,KOSDAQ,309402010070,30664223,5129458180,133
036890,진성티이씨,KOSDAQ,308456722000,22032623,5003098186,133
355150,코스텍시스,KOSDAQ,307215590000,7797350,14092085576,133
018310,삼목에스폼,KOSDAQ,306495000000,14700000,518247943,133
448280,에코아이,KOSDAQ,306089562570,29631129,914829358,133
058970,엠로,KOSDAQ,305979151500,12362794,2768831254,133
450950,아스테라시스,KOSDAQ,305536047040,37627592,630788480,133
228760,지노믹트리,KOSDAQ,305519592580,24859202,1920634038,133
025770,한국정보통신,KOSDAQ,305170808650,37444271,4373234863,133
136480,하림,KOSDAQ,303759747720,106209702,2681435071,133
187870,디바이스,KOSDAQ,303629823000,13770060,7197581181,133
001390,KG케미칼,KOSPI,302548635000,67233030,5778959412,133
200130,콜마비앤에이치,KOSDAQ,302391936240,29415558,945855966,133
357880,SKAI,KOSDAQ,301818827160,52127604,22222441651,133
078520,에이블씨엔씨,KOSPI,301504125990,26014161,2128940062,133
003720,삼영,KOSPI,300560000000,34000000,15673922634,133
000430,대원강업,KOSPI,300390000000,62000000,1093643462,133
104700,한국철강,KOSPI,299983500000,36450000,776653306,133
073490,LIG아큐버,KOSDAQ,299971724700,7603846,18613136985,133
272450,진에어,KOSPI,297540000000,52200000,1183472745,133
200670,휴메딕스,KOSDAQ,296470152000,11229930,1655182935,133
041920,메디아나,KOSDAQ,295339781240,18598223,4072712758,133
236200,슈프리마,KOSDAQ,294315924200,6974311,1845656535,133
024720,콜마홀딩스,KOSPI,294261902220,34296259,649493526,133
007690,국도화학,KOSPI,294031416000,9260832,706432063,133
002310,아세아제지,KOSPI,292715364200,39449510,2348304506,133
034830,한국토지신탁,KOSPI,292635017570,252489230,2036478015,133
086390,유니테스트,KOSDAQ,292284962580,21134126,6854882257,133
084010,대한제강,KOSPI,292158566000,34371596,1162136204,133
026890,스틱인베스트먼트,KOSPI,291944402610,38770837,861102648,133
108670,LX하우시스,KOSPI,291449275000,8967670,1608324717,133
307180,아이엘,KOSDAQ,291396840400,36885676,16421595115,133
180400,DXVX,KOSDAQ,290858971560,98429432,1131131617,133
035810,이지홀딩스,KOSDAQ,290645413425,64516185,2709321231,133
900290,GRT,KOSDAQ,290390000000,81800000,3550866368,133
046970,우리로,KOSDAQ,289683243390,43824999,104264907262,133
314930,바이오다인,KOSDAQ,289009440130,29764103,691263699,133
061970,LB세미콘,KOSDAQ,288672539820,58083006,5387119843,133
033270,유나이티드제약,KOSPI,287985027500,15910775,619390264,133
459510,나우로보틱스,KOSDAQ,285524404000,12978382,7043878428,133
017860,DS단석,KOSPI,284678998170,17759139,10034800936,133
061090,세나테크놀로지,KOSDAQ,283931360000,5589200,1902996947,133
001750,한양증권,KOSPI,283846308200,12728534,853994364,133
462350,이노스페이스,KOSDAQ,283187743340,20868662,8111714892,133
144510,지씨셀,KOSDAQ,281878136960,15800344,1086453106,133
017390,서울가스,KOSPI,281160000000,4950000,1005640236,133
064850,에프앤가이드,KOSDAQ,280123650600,11410332,4047910925,133
112290,와이씨켐,KOSDAQ,280062096500,20221090,9463016259,133
043150,바텍,KOSDAQ,278071672320,14854256,902124377,133
053030,바이넥스,KOSDAQ,277815598000,32684188,2218155455,133
092730,네오팜,KOSDAQ,275681410800,16027989,1069075357,133
001340,PKC,KOSPI,275236277760,44973248,4585596351,133
084850,아이티엠반도체,KOSDAQ,275143989420,22682934,2457510272,133
019010,베뉴지,KOSDAQ,274258000000,48200000,1153537273,133
215000,골프존,KOSDAQ,274235635500,6275415,1111265747,133
001230,동국홀딩스,KOSPI,274160101545,155507715,1572969952,133
035600,KG이니시스,KOSDAQ,272513352260,27554434,945982309,133
900140,엘브이엠씨홀딩스,KOSPI,272082528256,193240432,1401119604,133
060720,KH바텍,KOSDAQ,272053808580,23677442,4357636611,133
054950,제이브이엠,KOSDAQ,272022570000,12089892,948624197,133
003920,남양유업,KOSPI,271800000000,6000000,645281629,133
078150,HB테크놀러지,KOSDAQ,271657633880,92715916,24531957028,133
002900,TYM,KOSPI,271584000000,41400000,3032707036,133
220100,퓨쳐켐,KOSDAQ,271371782000,22427420,2356928099,133
096760,JW홀딩스,KOSPI,271304537140,73924942,482697890,133
051500,CJ프레시웨이,KOSDAQ,270672160800,11871586,1363540991,133
023410,유진기업,KOSDAQ,268655248925,77310863,969429560,133
123890,한국자산신탁,KOSPI,268610767570,122373926,765090262,133
309710,아이티켐,KOSDAQ,268443021000,12783001,2502166419,133
194700,노바렉스,KOSDAQ,268163717120,18254848,1800913742,133
394800,쓰리빌리언,KOSDAQ,266796398400,31761476,2958429161,133
108860,셀바스AI,KOSDAQ,266725568900,26914790,17469216511,133
416180,신성에스티,KOSDAQ,265769473200,9039778,2097333319,133
011500,한농화성,KOSPI,265360602740,15637042,9034322466,133
036800,나이스정보통신,KOSDAQ,264500000000,10000000,1767809553,133
114190,강원에너지,KOSDAQ,264365144560,26123038,4400797654,133
005680,삼영전자,KOSPI,264000000000,20000000,2185822678,133
051360,토비스,KOSDAQ,263449107380,14917843,1081799666,133
005010,휴스틸,KOSPI,263241131375,56188075,18497427498,133
352480,씨앤씨인터내셔널,KOSDAQ,262920790290,13629901,637107662,133
243840,신흥에스이씨,KOSDAQ,261424833300,38558235,6323568245,133
036710,심텍홀딩스,KOSDAQ,261233243530,52827754,3557871700,133
005500,삼진제약,KOSPI,260406000000,13320000,4318750787,133
043370,피에이치에이,KOSDAQ,259560000000,21000000,510478809,133
046120,오르비텍,KOSDAQ,258994062450,33855433,44045755835,133
382900,범한퓨얼셀,KOSDAQ,258449500000,8761000,5124691269,133
037710,광주신세계,KOSPI,258179772200,7627172,527006609,133
091580,상신이디피,KOSDAQ,257767755460,13328219,11055479322,133
065660,안트로젠,KOSDAQ,256656465000,10006100,2895979517,133
014940,오리엔탈정공,KOSDAQ,254301028380,45573661,2446619696,133
004360,세방,KOSPI,254237519900,19115603,903864508,133
002320,한진,KOSPI,253574185440,15518616,581911420,133
005430,한국공항,KOSPI,253308400000,3166355,1115371720,133
001250,GS글로벌,KOSPI,252965986660,82533764,17435174349,133
389260,대명에너지,KOSDAQ,252799345750,17916325,10217460259,133
125020,티씨머티리얼즈,KOSDAQ,251576789000,35038550,25502127259,133
474650,링크솔루션,KOSDAQ,251279675900,5750107,5743624082,133
334890,이지스밸류플러스리츠,KOSPI,251056989045,69448683,701132450,133
318060,그래피,KOSDAQ,250837823650,11173177,9101574253,133
251370,와이엠티,KOSDAQ,250563792830,18013213,6899549126,133
0030R0,대신밸류리츠,KOSPI,250478200000,59780000,385790664,133
151860,KG에코솔루션,KOSDAQ,250391790520,47603002,1477231101,133
308430,셀비온,KOSDAQ,250361869400,12905251,3137422941,133
217730,강스템바이오텍,KOSDAQ,250184036340,94054149,6499232481,133
012860,모베이스전자,KOSDAQ,250092255655,73233457,21956184358,133
389020,자람테크놀로지,KOSDAQ,249273460200,6905082,11643604793,133
003555,LG우,KOSPI,249026157300,3011199,2126106084,133
093520,매커스,KOSDAQ,248748393300,11901837,1537459598,133
950170,JTC,KOSDAQ,248641202140,51746348,606424913,133
122900,아이마켓코리아,KOSPI,248376281200,33428840,837494561,133
314130,지놈앤컴퍼니,KOSDAQ,248128761750,44707885,5295951084,133
0015G0,그린광학,KOSDAQ,248093869200,11702541,12493465823,132
000680,LS네트웍스,KOSPI,247047455160,78803016,2636839520,133
004430,송원산업,KOSPI,246720000000,24000000,5564383498,133
338840,와이바이오로직스,KOSDAQ,246635230050,15366681,6200289880,133
190510,나무가,KOSDAQ,246493047500,14085317,1802155420,133
099440,스맥,KOSDAQ,246358652340,68243394,5250657906,133
094480,갤럭시아머니트리,KOSDAQ,245971084260,39229838,2845125370,133
242040,나무기술,KOSDAQ,245704474400,34606264,28735059880,133
037560,LG헬로비전,KOSPI,245506562050,77446865,4610764351,133
199820,제일일렉트릭,KOSDAQ,245308800000,22220000,28711233203,133
0008Z0,에스엔시스,KOSDAQ,244878835800,9436564,5443552808,133
128820,대성산업,KOSPI,243366871640,45235478,8210430231,133
054210,이랜텍,KOSDAQ,243048528100,25291210,5356719090,133
010580,에스엠벡셀,KOSPI,242528836800,111251760,1610648753,133
475560,더본코리아,KOSPI,242289029800,14827970,300560233,133
034120,SBS,KOSPI,241537118760,18551238,493658433,133
357550,석경에이티,KOSDAQ,241383750000,5455000,528307659,133
037270,YG PLUS,KOSPI,241283186900,63663110,3374158464,133
451760,컨텍,KOSDAQ,241156404320,15991804,10341334772,133
136490,선진,KOSPI,241125184560,23779604,1401162838,133
402030,코난테크놀로지,KOSDAQ,241086818880,12517488,720458880,133
017890,한국알콜,KOSDAQ,240603352860,21273506,2030360140,133
018000,유니슨,KOSDAQ,240295410984,259498284,8479657785,133
067390,아스트,KOSDAQ,239545923083,415157579,1453564822,133
084990,헬릭스미스,KOSDAQ,239221616430,46092797,5426152854,133
035510,신세계 I&C,KOSPI,239073390000,13980900,14643711114,133
272110,케이엔제이,KOSDAQ,238755501250,8025395,6648825740,133
095500,미래나노텍,KOSDAQ,238466892310,31009999,2055329672,133
003520,영진약품,KOSPI,237577657569,182892731,691981949,133
100120,뷰웍스,KOSDAQ,237293820950,8971411,3951632365,133
294570,쿠콘,KOSDAQ,236146528800,10091732,1249302754,133
088800,에이스테크,KOSDAQ,235580074080,75506434,12002463460,133
03473K,SK우,KOSPI,235512160000,566135,1618069270,133
003200,일신방직,KOSPI,235110400000,22960000,449838524,133
051370,인터플렉스,KOSDAQ,234907643040,23327472,3176521152,133
138610,나이벡,KOSDAQ,234744925450,11367793,1543979793,133
304100,솔트룩스,KOSDAQ,234623518650,12593855,2486838970,133
000490,대동,KOSPI,234074143800,28826865,3091979128,133
023760,한국캐피탈,KOSDAQ,233866695816,315609576,354175136,133
101360,에코앤드림,KOSDAQ,233709537960,17786114,1820302251,133
348950,제이알글로벌리츠,KOSPI,233298432000,197376000,2027143957,133
098120,마이크로컨텍솔,KOSDAQ,233173086300,8312766,6347927177,133
088260,이리츠코크렙,KOSPI,232780343250,63341590,410735197,133
036170,에이치엠넥스,KOSDAQ,232268894410,61365626,19755234149,133
006805,미래에셋증권우,KOSPI,230138512500,14075750,3874658072,133
049630,재영솔루텍,KOSDAQ,230054398080,23379512,7146756738,133
003070,코오롱글로벌,KOSPI,229578349770,25423959,1232947772,133
000320,노루홀딩스,KOSPI,228607797200,13291151,413403413,133
494120,큐리오시스,KOSDAQ,228514965900,7629882,5833372637,133
290690,소룩스,KOSDAQ,228350217550,50186861,21365192913,133
206640,바디텍메드,KOSDAQ,228280536820,21907921,823884192,133
000050,경방,KOSPI,227820893700,27415270,870421982,133
419530,SAMG엔터,KOSDAQ,227669354900,10029487,4108679857,133
009470,삼화전기,KOSPI,226854026000,6613820,10717514306,133
322310,오로스테크놀로지,KOSDAQ,224328680900,9366542,12497065872,133
159010,아스플로,KOSDAQ,224290309980,13334739,2904011390,133
461300,아이스크림미디어,KOSDAQ,223842074400,13323933,1330867888,133
000540,흥국화재,KOSPI,223564404600,64242645,680607479,133
210980,SK디앤디,KOSPI,223408584000,18617382,457256344,133
115450,HLB테라퓨틱스,KOSDAQ,223221874680,88580109,2025983808,133
012210,삼미금속,KOSDAQ,223029720600,22192012,7962817677,133
382800,지앤비에스 에코,KOSDAQ,222180666180,31831041,12370110913,133
244920,에이플러스에셋,KOSPI,222007545260,22607693,1025601566,133
044450,KSS해운,KOSPI,221624448000,23085880,6259929723,133
030210,다올투자증권,KOSPI,220802759250,60911106,1021786261,133
007160,사조산업,KOSPI,220000000000,5000000,368654997,133
484810,티엑스알로보틱스,KOSDAQ,219557502150,15450915,1891352012,133
045390,대아티아이,KOSDAQ,218467468700,70473377,5037041682,133
008490,서흥,KOSPI,218193471180,11569113,908045494,133
067080,대화제약,KOSDAQ,217814805000,18616650,1242639657,133
126730,코칩,KOSDAQ,216622112200,8770126,15850304699,133
064550,바이오니아,KOSDAQ,216548341490,25810291,1793710699,133
009680,모토닉,KOSPI,216461616240,21733094,389428141,133
255220,SG,KOSDAQ,216168394846,109563302,5975935165,133
001790,대한제당,KOSPI,216035997075,86241915,1175761886,133
053300,한국정보인증,KOSDAQ,215944630720,40591096,2943534934,133
439090,마녀공장,KOSDAQ,215571369000,16393260,3652236117,133
011560,세보엠이씨,KOSDAQ,215280000000,10350000,1135719439,133
232680,라온로보틱스,KOSDAQ,215101563600,13115949,10131159972,133
119610,인터로조,KOSDAQ,214464306130,11413747,1798989391,133
123860,아나패스,KOSDAQ,214220743050,12123415,1781330539,133
464080,에스오에스랩,KOSDAQ,214108246850,17947045,8543192804,133
051905,LG생활건강우,KOSPI,213399166200,2096259,916908869,133
432320,KB스타리츠,KOSPI,213331463275,150764285,1724387952,133
065710,서호전기,KOSDAQ,212952500000,5150000,841827231,133
010955,S-Oil우,KOSPI,211955552900,4021927,1528913633,133
004560,현대비앤지스틸,KOSPI,211555718330,15078811,3262748583,133
241590,화승엔터프라이즈,KOSPI,211456573240,60589276,524724608,133
226320,잇츠한불,KOSPI,211398596600,21929315,557745681,133
004980,성신양회,KOSPI,211328549260,24516073,4367553138,133
068930,디지털대성,KOSDAQ,211162859460,27675342,470038368,133
013120,동원개발,KOSDAQ,211128832500,90808100,491341697,133
418550,제이오,KOSDAQ,210996465070,32017673,7384446551,133
432720,퀄리타스반도체,KOSDAQ,209266687000,14187572,30997770649,133
033920,무학,KOSPI,209190000000,28500000,518159856,133
214180,헥토이노베이션,KOSDAQ,208803407690,12993367,2648089304,133
402490,그린리소스,KOSDAQ,208303169100,16935217,29189457979,133
035150,백산,KOSPI,208299946400,20028841,471743187,133
119830,아이텍,KOSDAQ,207366811010,26349023,2600213329,133
092070,디엔에프,KOSDAQ,207136258200,11571858,2331673750,133
054450,텔레칩스,KOSDAQ,207021665110,15144233,4970528663,133
004380,삼익THK,KOSPI,207000000000,20700000,3880303106,133
053210,스카이라이프,KOSPI,206724854250,47522955,315227808,133
003650,미창석유,KOSPI,206673033600,1739672,432317546,133
380540,옵티코어,KOSDAQ,206658126350,24456583,7129823011,133
149950,아바텍,KOSDAQ,206382315300,13667703,4157031074,133
053690,한미글로벌,KOSPI,206330666500,10957550,19487407547,133
126600,BGF에코머티리얼즈,KOSDAQ,206189263215,62766899,5883586719,133
417010,나노팀,KOSDAQ,206165280160,20172728,13097823119,133
001780,알루코,KOSPI,205279879840,96830132,18469554406,133
192440,슈피겐코리아,KOSDAQ,205139979000,6216363,437902646,133
308080,바이젠셀,KOSDAQ,204992600000,20499260,11359438750,133
353810,이지바이오,KOSDAQ,204777084800,33081920,1387904275,133
405100,큐알티,KOSDAQ,204616861650,12289301,3650091076,133
256840,한국비엔씨,KOSDAQ,204500709140,68394886,1785422931,133
404990,신한서부티엔디리츠,KOSPI,204210667640,61232584,647081077,133
013890,지누스,KOSPI,204129319030,21925813,416104559,133
004310,현대약품,KOSPI,202880000000,32000000,3952243485,133
034810,해성산업,KOSDAQ,202112972800,31580152,352220855,133
339770,교촌에프앤비,KOSPI,202108748600,49965080,429532684,133
117580,대성에너지,KOSPI,201850000000,27500000,23906162751,133
211270,AP위성,KOSDAQ,200443820160,15082304,7084227932,133
005710,대원산업,KOSDAQ,200376000000,20037600,497744074,133
083310,엘오티베큠,KOSDAQ,199650469930,17810033,3345917652,133
487570,HS효성,KOSPI,199337094500,3725927,1305502545,133
102260,동성케미컬,KOSPI,198624796720,50669591,1232859463,133
094820,일진파워,KOSDAQ,198285023350,15078709,9941309067,133
095570,AJ네트웍스,KOSPI,198207084420,45252759,1193475340,133
377190,디앤디플랫폼리츠,KOSPI,198016000000,88400000,549676185,133
007860,서연,KOSPI,197465488040,23479844,952846045,133
033530,SJG세종,KOSPI,197250613490,27820961,1781525286,133
036560,KZ정밀,KOSDAQ,196560000000,15750000,443536170,133
446540,메가터치,KOSDAQ,196283999250,29079111,3103228425,133
298690,에어부산,KOSPI,195955200000,116640000,540797339,133
237880,클리오,KOSDAQ,195893466520,18071353,517861833,133
457550,우진엔텍,KOSDAQ,195698118000,9318958,5664109080,133
052330,코텍,KOSDAQ,195555094890,17761589,688421806,133
001080,만호제강,KOSPI,195050000000,41500000,463576064,133
418420,라온텍,KOSDAQ,194029896560,30700933,8671378254,133
078070,유비쿼스홀딩스,KOSDAQ,194004587440,17604772,6401743999,133
462860,더즌,KOSDAQ,193742612100,71756523,1705250932,133
042600,새로닉스,KOSDAQ,193310811440,12423574,1690313806,133
138360,앤로보틱스,KOSDAQ,192864263610,76991722,10922530652,133
194480,데브시스터즈,KOSDAQ,192732193500,12129150,3870171590,133
372170,윤성에프앤씨,KOSDAQ,192295056800,7979048,707373675,133
003547,대신증권2우B,KOSPI,192047293470,9803333,767350146,133
102120,어보브반도체,KOSDAQ,192032132400,17780753,9265528203,133
041020,폴라리스오피스,KOSDAQ,192027859945,49683793,15553964705,133
488280,에스투더블유,KOSDAQ,191869911360,10803486,7968283159,133
092220,KEC,KOSPI,191728798700,40152628,28136139805,133
126700,하이비젼시스템,KOSDAQ,191259033600,14942112,3118314843,133
122990,와이솔,KOSDAQ,190203038340,26639081,1681628584,133
484120,도우인시스,KOSDAQ,189782549040,10957422,442052047,133
001045,CJ우,KOSPI,189632709700,2260223,416083875,133
121440,골프존홀딩스,KOSDAQ,189338735560,42836818,323650914,133
028100,동아지질,KOSPI,189327558280,13389502,752589364,133
474170,루미르,KOSDAQ,189223931520,17817696,7479945180,133
083930,아바코,KOSDAQ,189189739610,14677249,2345301596,133
039840,디오,KOSDAQ,189163174800,13415828,656872523,133
001130,대한제분,KOSPI,188266000000,16900000,460178973,133
016580,환인제약,KOSPI,188232708400,18600070,545939560,133
264850,이랜시스,KOSDAQ,187523648280,30294612,17332477196,133
012610,경인양행,KOSPI,186857478850,41616365,4687198371,133
108380,대양전기공업,KOSDAQ,186658666830,9567333,1244574870,133
321550,티움바이오,KOSDAQ,186238545000,30038475,6394148302,133
032580,피델릭스,KOSDAQ,186202199680,33132064,9504787386,133
003350,한국화장품제조,KOSPI,186038600000,22660000,1799167102,133
012200,계양전기,KOSPI,185931922070,27222829,27674508076,133
102460,이연제약,KOSPI,185682241890,18586811,1005448609,133
489500,엘케이켐,KOSDAQ,185665463900,6391238,4194449009,133
000390,SP삼화,KOSPI,185255623890,27203469,23716974879,133
361390,제노코,KOSDAQ,185088602810,9736381,7538880585,133
003610,방림,KOSPI,184631005800,36202158,769904693,133
003220,대원제약,KOSPI,184354732260,22427583,343498863,133
036190,금화피에스시,KOSDAQ,184200000000,6000000,763448473,133
264450,유비쿼스,KOSDAQ,184051937150,14665493,6181429765,133
086820,바이오솔루션,KOSDAQ,183542521800,25924085,2885874660,133
199430,케이엔알시스템,KOSDAQ,183542388210,11144043,2007566767,133
008350,남선알미늄,KOSPI,182775991440,129079090,76465894172,133
039830,오로라,KOSDAQ,181785212100,10762890,2878767072,133
013580,계룡건설,KOSPI,181743957450,8930907,4552654850,133
293580,나우IB,KOSDAQ,181695924300,94929950,8348562684,133
403850,더핑크퐁컴퍼니,KOSDAQ,181683786600,14351010,835755621,131
216080,제테마,KOSDAQ,181215301140,37287099,2493032027,133
123410,코리아에프티,KOSDAQ,180966916000,27841064,1272030284,133
452450,피아이이,KOSDAQ,180863070000,36028500,5923291967,133
481070,에이유브랜즈,KOSDAQ,180704452500,14330250,477355436,133
024060,흥구석유,KOSDAQ,180600000000,15000000,123954006773,133
084680,이월드,KOSPI,179952058917,141806193,1577223295,133
270660,에브리봇,KOSDAQ,179825561110,12690583,937575782,133
123330,제닉,KOSDAQ,179693734000,7968680,7239211465,133
950140,잉글우드랩,KOSDAQ,179208151320,19867866,1025914405,133
024840,KBI메탈,KOSDAQ,178565312250,40721850,34168181560,133
002150,도화엔지니어링,KOSPI,178378800000,33720000,1028179665,133
234080,JW생명과학,KOSPI,178138732500,15834554,521405306,133
071200,인피니트헬스케어,KOSDAQ,176630355920,24396458,845128909,133
011690,와이투솔루션,KOSPI,175997569230,36704394,8136679912,133
003460,유화증권,KOSPI,175777486500,56702415,789360322,133
002100,경농,KOSPI,175703175000,19522575,2358853958,133
039860,나노엔텍,KOSDAQ,175228043800,38093053,5373340360,133
042420,네오위즈홀딩스,KOSDAQ,174651970350,8142283,537180905,133
044820,코스맥스비티아이,KOSPI,174119087730,9603921,1046005774,133
058820,CMG제약,KOSDAQ,173714565025,147842183,1485202113,133
377450,리파인,KOSDAQ,173646600000,17330000,440461928,133
118990,모트렉스,KOSDAQ,172497718130,24537371,1641643504,133
371950,풍원정밀,KOSDAQ,172461990280,22662548,1710406389,133
025820,이구산업,KOSPI,172226300000,33442000,6591744217,133
187790,나노,KOSDAQ,172091831400,30840830,5224196992,133
388050,지투파워,KOSDAQ,171939726030,18709437,27383380167,133
082800,비보존 제약,KOSDAQ,171836654780,60719666,1621979856,133
024800,유성티엔에스,KOSDAQ,171364630500,37051812,1000385248,133
114840,아이패밀리에스씨,KOSDAQ,170774214000,17319900,912094243,133
267320,나인테크,KOSDAQ,170523426150,57415295,9908676521,133
037030,파워넷,KOSDAQ,170426786560,25512992,43185811204,133
209640,와이제이링크,KOSDAQ,170090013080,28443146,29503676327,133
101530,해태제과식품,KOSPI,170042240480,29116822,384978825,133
146320,비씨엔씨,KOSDAQ,169828438210,12797923,1301856822,133
080160,모두투어,KOSDAQ,169344000000,18900000,1059017824,133
285490,노바텍,KOSDAQ,168896021070,10575831,1837114425,133
032620,GC메디아이,KOSDAQ,168596758970,52197139,779638349,133
226590,엠디바이스,KOSDAQ,168360676640,10716784,12437142060,133
011785,금호석유화학우,KOSPI,167198775800,3023486,483610744,133
458650,성우,KOSDAQ,167157393700,15045670,1746195077,133
079960,동양이엔피,KOSDAQ,167025000000,7860000,1930394762,133
031440,신세계푸드,KOSPI,166710264000,3872480,632755050,133
140670,알에스오토메이션,KOSDAQ,165890732800,12839840,5114653719,133
000860,강남제비스코,KOSPI,164840000000,13000000,516814494,133
115500,케이씨에스,KOSDAQ,164760000000,12000000,19340483265,133
400760,NH올원리츠,KOSPI,164513178625,54929275,592592735,133
259630,엠플러스,KOSDAQ,164391226200,12222396,7583990455,133
203400,에이비온,KOSDAQ,164344778496,90101304,1878809921,133
049430,코메론,KOSDAQ,164311680000,9048000,910121704,133
097955,CJ제일제당 우,KOSPI,163274259000,1327433,824068844,133
016880,웅진,KOSPI,162651607800,79927080,2383221359,133
077500,유니퀘스트,KOSPI,162648768060,21600102,4465428476,133
460850,동국씨엠,KOSPI,162648688640,29898656,1950876396,133
307930,컴퍼니케이,KOSDAQ,162344000000,15610000,3919058081,133
086980,쇼박스,KOSDAQ,162232420000,62638000,1455892986,133
017550,수산세보틱스,KOSPI,161925742350,62399130,15058463455,133
293480,하나제약,KOSPI,161911538060,17772946,395339209,133
271980,제일약품,KOSPI,161606543280,14704872,565837716,133
147830,제룡산업,KOSDAQ,161600000000,20000000,14710857129,133
380550,뉴로핏,KOSDAQ,161512985840,12198866,9538206491,133
038390,레드캡투어,KOSDAQ,161355932300,16720822,478302975,133
106190,하이텍팜,KOSDAQ,161198902680,10633173,1993349356,133
289080,SV인베스트먼트,KOSDAQ,161170464440,60138233,10972266766,133
015230,대창단조,KOSPI,160690230400,27143620,716178287,133
104480,티케이케미칼,KOSDAQ,160612231878,90895434,3935891096,133
234690,녹십자웰빙,KOSDAQ,160232546800,17963290,5223616593,133
166480,코아스템켐온,KOSDAQ,160197239280,52870376,2705454782,133
036010,아비코전자,KOSDAQ,159913996020,13292934,4663587905,133
095700,제넥신,KOSDAQ,159164026530,45540494,3315389399,133
445180,퓨릿,KOSDAQ,158999989000,17189188,1834554342,133
007570,일양약품,KOSPI,158792724480,19085664,1091627002,133
060150,인선이엔티,KOSDAQ,158105733640,45563612,524504935,133
023910,대한약품,KOSDAQ,158100000000,6000000,418260000,133
143240,사람인,KOSDAQ,157663818390,10732731,662497514,133
142210,유니트론텍,KOSDAQ,157295634740,20751403,6985237294,133
021080,에이티넘인베스트,KOSDAQ,157200000000,48000000,2134187863,133
221800,지구홀딩스,KOSDAQ,156987346620,16318851,10037066985,133
179290,엠아이텍,KOSDAQ,156973538300,32365678,754979571,133
083500,에프엔에스테크,KOSDAQ,156335412060,8575722,5008962607,133
018470,조일알미늄,KOSPI,156263543714,126631721,28156906196,133
049960,쎌바이오텍,KOSDAQ,156040000000,9400000,409902279,133
213500,한솔제지,KOSPI,155655767040,23800576,1576782879,133
046440,KG파이낸셜,KOSDAQ,155654234190,38010802,527706579,133
051980,중앙첨단소재,KOSDAQ,155528392600,111091709,8801988566,133
473980,노머스,KOSDAQ,155494067320,11059322,1205614303,133
004150,한솔홀딩스,KOSPI,155490889800,41026620,2294218311,133
004090,한국석유,KOSPI,154614381600,12694120,20901123842,133
000520,삼일제약,KOSPI,153794939990,21691811,2296548346,133
047310,파워로직스,KOSDAQ,153399063450,36610755,1493236386,133
260970,에스앤디,KOSDAQ,153026686600,2892754,2393312774,133
000020,동화약품,KOSPI,152785140900,27931470,550806666,133
289930,웨이비스,KOSDAQ,152528516000,13149010,6349365829,133
222040,코스맥스엔비티,KOSDAQ,152028360000,20628000,1628091713,133
090350,노루페인트,KOSPI,152000000000,20000000,1696209555,133
039560,다산네트웍스,KOSDAQ,151825176720,42888468,6370614218,133
053080,케이엔솔,KOSDAQ,151707747690,12999807,4357200519,133
048870,시너지이노베이션,KOSDAQ,151543976360,88106963,577420232,133
006060,화승인더,KOSPI,151300200000,55320000,551799126,133
073010,케이에스피,KOSDAQ,150918143750,40191250,4831934876,133
013990,아가방컴퍼니,KOSDAQ,150624914880,32887536,1607260837,133
282880,코윈테크,KOSDAQ,150619776160,11694082,1438865773,133
293780,압타바이오,KOSDAQ,150580650800,28093405,949890194,133
000970,한국주철관,KOSPI,150483300000,22800500,404675622,133
003480,한진중공업홀딩스,KOSPI,149716146840,29529812,662046285,133
072870,메가스터디,KOSDAQ,149369616270,11920959,764736100,133
125210,아모그린텍,KOSDAQ,149295949500,16496790,5291910381,133
105330,케이엔더블유,KOSDAQ,149141731200,16019520,1191690833,133
081000,일진다이아,KOSPI,149131237500,14202975,594619795,133
067280,멀티캠퍼스,KOSDAQ,149058491850,5926779,380645339,133
005960,동부건설,KOSPI,148923842870,22946663,2153352225,133
062970,한국첨단소재,KOSDAQ,148430396400,57088614,32802417741,133
469610,이노테크,KOSDAQ,148273282000,8942900,4463941435,133
002220,한일철강,KOSPI,148170903000,26697460,884342382,133
001540,안국약품,KOSDAQ,148031467000,13042420,2686014588,133
192410,오늘이엔엠,KOSDAQ,147337567650,25185909,2702750405,133
300080,플리토,KOSDAQ,146073241350,16505451,1407113905,133
396300,세아메카닉스,KOSDAQ,145957145000,26489500,11294773117,133
158430,아톤,KOSDAQ,145423626480,24482092,20474894322,133
059120,아진엑스텍,KOSDAQ,145198823380,18310066,15375481329,133
025560,미래산업,KOSPI,145088598000,5090828,4924674153,133
040160,누리플렉스,KOSDAQ,144545864650,12055535,1422304870,133
041440,현대에버다임,KOSDAQ,143625781600,17841712,5705684107,133
264660,씨앤지하이테크,KOSDAQ,143581710440,9721172,4025021360,133
093190,빅솔론,KOSDAQ,143137453200,19238905,304045610,133
220260,켐트로스,KOSDAQ,142720644750,32072055,1777458107,133
001520,동양,KOSPI,142255701548,238684063,628113672,133
299030,하나기술,KOSDAQ,142149499800,7994910,1379852614,133
056090,시지메드텍,KOSDAQ,141981174500,103259036,6451616275,133
101170,우림피티에스,KOSDAQ,141750000000,13500000,8376892297,133
008970,KBI동양철관,KOSPI,141538061148,103766907,6949125953,133
317400,자이에스앤디,KOSPI,141362285400,38782520,752486632,133
015890,태경산업,KOSPI,140882575000,29228750,395969680,133
009070,KCTC,KOSPI,140400000000,30000000,1887640528,133
023600,삼보판지,KOSDAQ,140072625000,16008300,361160778,133
008830,대동기어,KOSDAQ,139845811200,8987520,5705996347,133
108230,톱텍,KOSDAQ,139735425375,38023245,510435740,133
263860,지니언스,KOSDAQ,139371860000,9079600,2387001454,133
217270,넵튠,KOSDAQ,139038537925,46735643,355954053,133
214420,토니모리,KOSPI,139036738220,24054799,1345334780,133
002990,금호건설,KOSPI,138979703020,37259974,1149158759,133
204610,티쓰리,KOSDAQ,138803050000,55521220,1318396487,133
017510,세명전기,KOSDAQ,138433680000,15246000,16901180126,133
307750,국전,KOSDAQ,137934965840,53986288,8065945799,133
210540,디와이파워,KOSPI,137690098760,11041708,1278447595,133
049720,고려신용정보,KOSDAQ,137566000000,14300000,447123833,133
163730,핑거,KOSDAQ,137524024160,9406568,5884050947,133
297890,HB솔루션,KOSDAQ,137504918320,73140914,1784335096,133
000700,유수홀딩스,KOSPI,137500767360,26041812,420526027,133
331920,셀레믹스,KOSDAQ,137076044920,8164148,4238296172,133
205500,넥써쓰,KOSDAQ,136879331365,64112099,604364385,133
115310,인포바인,KOSDAQ,136176459950,15964415,332658309,133
054920,한컴위드,KOSDAQ,136006330420,28217081,23221358032,133
086670,비엠티,KOSDAQ,135984624500,9925885,2451335999,133
001360,삼성제약,KOSPI,135781717918,94162079,2664482731,133
272550,삼양패키징,KOSPI,135766338060,15068406,7228391348,133
005160,동국산업,KOSDAQ,135611205000,54244482,727503637,133
474610,RF시스템즈,KOSDAQ,135350350080,14307648,16608533934,133
240550,동방메디컬,KOSDAQ,135233252400,20933940,1275117168,133
019180,티에이치엔,KOSPI,134460000000,18000000,4614518845,133
381620,제닉스로보틱스,KOSDAQ,134458680000,13117920,9673290043,133
452190,한빛레이저,KOSDAQ,134433530340,23920557,23475466329,133
148150,세경하이테크,KOSDAQ,134174137950,35542818,657098985,133
475230,엔알비,KOSDAQ,134162787730,10898683,2474946340,133
047560,이스트소프트,KOSDAQ,133985134800,11753082,852371403,133
101970,우양에이치씨,KOSDAQ,133701681360,14790009,633051817,133
038290,마크로젠,KOSDAQ,133132392000,10841400,617639514,133
109740,디에스케이,KOSDAQ,132665612400,25710390,428123033,133
086890,이수앱지스,KOSDAQ,132517612500,40774650,834202392,133
340450,지씨지놈,KOSDAQ,131971424940,23650793,1750464953,133
408920,메쎄이상,KOSDAQ,131858987750,43232455,313554097,133
214390,경보제약,KOSPI,131726798600,23906860,8795997911,133
396270,넥스트칩,KOSDAQ,131549724000,32887431,4980476136,133
016740,두올,KOSPI,131470400040,28674024,899656588,133
037350,성도이엔지,KOSDAQ,131262300000,15210000,3770772293,133
297090,씨에스베어링,KOSDAQ,130896000000,27270000,4355476224,133
322180,LS티라유텍,KOSDAQ,130762400000,20921984,2052699523,133
256940,킵스파마,KOSDAQ,130708736970,20078147,1779881353,133
321370,센서뷰,KOSDAQ,130195563120,51664906,27330835662,133
453450,그리드위즈,KOSDAQ,129943390000,7942750,6021253596,133
003100,선광,KOSDAQ,129822000000,6600000,988988000,133
089470,HDC현대EP,KOSPI,129514000000,31900000,572644095,133
136540,윈스테크넷,KOSDAQ,129428522840,12279746,1409162503,133
079430,현대리바트,KOSPI,129133176840,20114202,2147955545,133
009270,신원,KOSPI,129116692125,114770393,709512448,133
032940,원익,KOSDAQ,128080339200,18193230,1692047363,133
357580,아모센스,KOSDAQ,127918917700,11789762,10008342843,133
290740,액트로,KOSDAQ,127825639700,10065011,4123827038,133
095190,신화프리텍,KOSDAQ,127714724134,65260462,688589945,133
205100,엑셈,KOSDAQ,127447620669,70686423,1100319154,133
002230,피에스텍,KOSDAQ,127196176000,18705320,2819905962,133
068790,DMS,KOSDAQ,127070361120,22570224,1576743016,133
011280,태림포장,KOSPI,127025856360,70805940,2935814946,133
212560,네오오토,KOSDAQ,126863468340,11812241,2483675222,133
122450,KX,KOSDAQ,126616031050,44819834,372520536,133
008040,사조동아원,KOSPI,126324417000,141144600,911526922,133
036630,세종텔레콤,KOSDAQ,126000000000,10000000,556834962,133
002780,진흥기업,KOSPI,125978531170,145471745,10321260909,133
014280,금강공업,KOSPI,125969588315,29329357,1421429815,133
053700,삼보모터스,KOSDAQ,125437776240,25443768,2453724252,133
007540,샘표,KOSPI,125097300000,2875800,481228686,133
323350,다원넥스뷰,KOSDAQ,124887935480,8010772,5242416148,133
037070,파세코,KOSDAQ,124600000000,20000000,1029583728,133
323990,박셀바이오,KOSDAQ,124426795750,23257345,902385036,133
015590,DKME,KOSPI,124413397640,53396308,872116235,133
306620,지아이에스,KOSDAQ,124409967480,47942184,6453686470,133
020120,키다리스튜디오,KOSPI,124163616100,37063766,726511112,133
067990,도이치모터스,KOSDAQ,124021587500,29181550,1106644987,133
006660,삼성공조,KOSPI,124007551640,8126314,10804041609,133
051160,지어소프트,KOSDAQ,123795440000,15474430,583593357,133
004960,한신공영,KOSPI,123575097360,11570702,3191887592,133
012800,대창,KOSPI,122766252153,91140499,4974676459,133
088130,동아엘텍,KOSDAQ,122746904280,17485314,8612343111,133
013520,화승코퍼레이션,KOSPI,122375311140,50051252,625601921,133
090850,현대이지웰,KOSDAQ,122279792320,22477903,472373910,133
215100,로보로보,KOSDAQ,122090724000,20348454,4429986465,133
093640,케이알엠,KOSDAQ,122042790810,32675446,1043358106,133
040300,YTN,KOSDAQ,121814683900,47676980,1829023468,133
007610,선도전기,KOSPI,121500000000,18000000,27799997922,133
33626K,두산퓨얼셀1우,KOSPI,121346936000,13364200,861695340,133
027710,팜스토리,KOSDAQ,121109844200,111416600,3480398821,133
333430,일승,KOSDAQ,121063383180,30726747,2696794971,133
123040,엠에스오토텍,KOSDAQ,120684732173,62628299,713204572,133
365330,에스와이스틸텍,KOSDAQ,120159545000,50171000,3213957536,133
078890,가온그룹,KOSDAQ,120130628360,18424943,8119050916,133
040350,크레오에스지,KOSDAQ,120051271800,19520532,710028499,133
010100,한국무브넥스,KOSPI,119974654800,30450420,2841431958,133
107600,새빗켐,KOSDAQ,119588224800,5640954,1685527162,133
382840,원준,KOSDAQ,119576479230,15271581,3962669458,133
006620,동구바이오제약,KOSDAQ,119552966400,28464992,1224522744,133
412350,레이저쎌,KOSDAQ,119379782140,14435282,17462015172,133
235980,메드팩토,KOSDAQ,118763294265,34275121,1899750102,133
366030,공구우먼,KOSDAQ,118706174000,22653850,1124662095,133
331740,아우토크립트,KOSDAQ,118458745650,9749691,3045347079,133
012320,경동인베스트,KOSPI,118251150000,2365023,1991190258,133
156100,엘앤케이바이오,KOSDAQ,118014087840,22351153,1663785523,133
338220,뷰노,KOSDAQ,117895349660,14001823,1367808992,133
002450,삼익악기,KOSPI,117509127670,90530915,339682261,133
014530,극동유화,KOSPI,117161251200,34869420,5794401247,133
009580,무림P&P,KOSPI,117065344148,62368324,8494306237,133
013310,아진산업,KOSDAQ,116613778910,38806582,4997236103,133
310200,애니플러스,KOSDAQ,116323124280,52162836,742182994,133
071280,로체시스템즈,KOSDAQ,116254182800,15296603,1007431080,133
330730,스톤브릿지벤처스,KOSDAQ,116229755400,18217830,907406960,133
388790,라이콤,KOSDAQ,115721524800,30614160,11403496699,133
054540,삼영엠텍,KOSDAQ,115700000000,13000000,5926135865,133
389030,지니너스,KOSDAQ,115376308575,33588445,4595486129,133
115440,우리넷,KOSDAQ,115283038560,10794292,37568984051,133
063570,NICE인프라,KOSDAQ,115248582000,34147728,360778080,133
339950,아이비김영,KOSDAQ,115063436800,44946655,551851190,133
172670,에이엘티,KOSDAQ,114512110020,8960259,3210659899,133
014580,태경비케이,KOSPI,113918203000,27583100,1226190630,133
086960,MDS테크,KOSDAQ,113577816520,41076968,7999222264,133
049520,유아이엘,KOSDAQ,113500860000,30842625,581010911,133
054050,NH농우바이오,KOSDAQ,113496371880,16030561,547003438,133
041520,이엘씨,KOSDAQ,113477076300,12188730,503557708,133
052260,현대바이오랜드,KOSDAQ,113100000000,30000000,312493090,133
053260,금강철강,KOSDAQ,113068800000,18720000,6982282590,133
073560,우리손에프앤지,KOSDAQ,112788120447,69237643,367702606,133
047770,코데즈컴바인,KOSDAQ,112770953960,37842602,5877501609,133
084670,동양고속,KOSPI,112637634100,2895569,14690724942,133
052900,KX하이텍,KOSDAQ,112559595840,69481232,5495255208,133
250060,모비스,KOSDAQ,112277885860,32171314,5243695029,133
129920,대성하이텍,KOSDAQ,112116002400,16248696,5880796629,133
475580,에이럭스,KOSDAQ,111860429000,13624900,13388607658,133
067900,와이엔텍,KOSDAQ,111745906260,18199659,479885519,133
227840,현대코퍼레이션홀딩스,KOSPI,111394232640,9100836,361653847,133
234030,싸이닉솔루션,KOSDAQ,111297575000,23605000,1430601966,133
214680,디알텍,KOSDAQ,111107961536,83477056,706017596,133
223250,드림씨아이에스,KOSDAQ,110825000220,24600444,7259312381,133
255440,야스,KOSDAQ,110731840000,13058000,786439039,133
004250,NPC,KOSPI,110343600000,36720000,350684620,133
417500,제이아이테크,KOSDAQ,109828892400,32784744,5265573964,133
083420,그린케미칼,KOSPI,109800000000,24000000,964274092,133
309960,LB인베스트먼트,KOSDAQ,109701454275,23217239,894701896,133
141000,비아트론,KOSDAQ,109638125500,12114710,1443632646,133
123690,한국화장품,KOSPI,109583760000,16068000,1745163316,133
109610,에스와이,KOSDAQ,109552576000,48907400,887022606,133
049950,미래컴퍼니,KOSDAQ,108989046240,8817884,1069130670,133
396470,워트,KOSDAQ,108971200000,16120000,3203630078,133
322510,제이엘케이,KOSDAQ,108949152620,25725892,3300174064,133
267850,아시아나IDT,KOSPI,108780000000,11100000,974688287,133
217820,원익피앤이,KOSDAQ,108433667315,47454559,1218361392,133
317770,엑스페릭스,KOSDAQ,108182605925,36486545,2434445552,133
005860,한일사료,KOSDAQ,107572060050,39403685,21632649123,133
131030,옵투스제약,KOSDAQ,107467733100,17646590,6989980433,133
042510,라온시큐어,KOSDAQ,107282298480,11105828,8787878960,133
085670,뉴프렉스,KOSDAQ,107068325570,24500761,2971053026,133
007210,벽산,KOSPI,106602160000,65360000,1060484696,133
021320,KCC건설,KOSDAQ,106358000000,21400000,633096241,133
065450,빅텍,KOSDAQ,106332369815,29495803,20940996986,133
052860,아이앤씨,KOSDAQ,106283981300,17862854,983646100,133
456070,이엔셀,KOSDAQ,105985970370,11028717,1781650898,133
248170,샘표식품,KOSPI,105755820900,4568286,385037667,133
389140,포바이포,KOSDAQ,105025249600,14269735,4092739874,133
092040,아미코젠,KOSDAQ,104923249695,70655387,2003273380,133
104460,디와이피엔에프,KOSDAQ,104655104950,10518101,623050291,133
212710,아이에스티이,KOSDAQ,104505541080,9622978,2474623412,133
149980,하이로닉,KOSDAQ,104488209590,21194363,726154606,133
225190,LK삼양,KOSDAQ,104293291200,70468440,4952219259,133
014790,HL D&I,KOSPI,104111152750,37858601,459334433,133
059270,해성에어로보틱스,KOSDAQ,104060586680,11165299,3581060007,133
182360,큐브엔터,KOSDAQ,104028489810,15549849,357098185,133
035080,그래디언트,KOSDAQ,104024684400,11431284,1146549185,133
001290,상상인증권,KOSPI,103786960960,108337120,4613309729,133
045970,코아시아,KOSDAQ,103417462680,26314876,1150316686,133
004100,태양금속,KOSPI,102943500000,36700000,2582712699,133
025950,동신건설,KOSDAQ,102900000000,8400000,1753604671,133
360070,탑머티리얼,KOSDAQ,102759939650,8188043,875329822,133
008700,아남전자,KOSPI,102576010600,77124820,4119132728,133
282720,금양그린파워,KOSDAQ,102530970000,12119500,14113181770,133
066430,아이로보틱스,KOSDAQ,101994804980,39153476,14086837867,133
038110,에코플라스틱,KOSDAQ,101688343900,41169370,37784220600,133
039980,폴라리스AI,KOSDAQ,101387558700,14381214,20008441547,133
029480,광무,KOSDAQ,101343367004,59719132,758902894,133
489460,바이오비쥬,KOSDAQ,101249013900,15044430,542196102,133
013570,디와이,KOSPI,101198988885,26319633,583762636,133
055490,테이팩스,KOSPI,101116580000,4769650,1254337408,133
413630,씨피시스템,KOSDAQ,101111637150,36436626,2135234001,133
023900,풍국주정,KOSDAQ,100422000000,12600000,4614519888,133
044990,에이치엔에스하이텍,KOSDAQ,100371650500,7685425,1401978808,133
096250,와이즈넛,KOSDAQ,100124828160,13105344,1092819128,133
