date,open,high,low,close,change_rate
2017-01-02,12.28,12.3,11.68,11.68,1.48
2017-01-03,11.66,11.66,11.21,11.24,-3.77
2017-01-04,11.19,11.2,10.9,10.9,-3.02
2017-01-05,10.92,11.2,10.79,11.12,2.02
2017-01-06,11.02,11.03,10.76,11.0,-1.08
2017-01-09,11.26,11.38,11.04,11.13,1.18
2017-01-10,11.08,11.27,10.97,10.97,-1.44
2017-01-11,11.23,11.65,11.05,11.39,3.83
2017-01-12,11.57,12.06,11.53,12.03,5.62
2017-01-13,11.68,11.7,10.89,10.96,-8.89
2017-01-16,11.29,12.15,11.13,11.8,7.66
2017-01-17,11.6,11.83,11.46,11.81,0.08
2017-01-18,12.01,12.65,11.89,12.25,3.73
2017-01-19,12.05,13.08,12.0,12.56,2.53
2017-01-20,13.01,13.01,12.66,12.72,1.27
2017-01-23,13.13,13.16,12.88,12.91,1.49
2017-01-24,12.79,12.95,12.49,12.49,-3.25
2017-01-25,12.51,12.53,12.08,12.12,-2.96
2017-01-26,12.0,12.0,11.59,11.59,-4.37
2017-01-31,12.41,12.59,12.25,12.53,8.11
2017-02-01,12.42,12.48,12.1,12.1,-3.43
2017-02-02,12.02,12.41,11.68,12.21,0.91
2017-02-03,12.03,12.22,11.91,11.93,-2.29
2017-02-06,12.07,12.27,11.91,11.96,0.25
2017-02-07,11.94,12.03,11.71,11.71,-2.09
2017-02-08,11.97,12.05,11.31,11.31,-3.42
2017-02-09,11.38,11.41,10.81,10.92,-3.45
2017-02-10,10.8,10.8,10.32,10.39,-4.85
2017-02-13,10.8,10.86,10.46,10.49,0.96
2017-02-14,10.58,10.74,10.41,10.47,-0.19
2017-02-15,10.53,10.55,10.1,10.19,-2.67
2017-02-16,10.19,10.29,10.09,10.14,-0.49
2017-02-17,10.32,10.33,10.02,10.02,-1.18
2017-02-20,10.42,10.62,10.11,10.17,1.5
2017-02-21,10.09,10.35,9.98,10.0,-1.67
2017-02-22,10.0,10.01,9.71,9.72,-2.8
2017-02-23,9.81,9.83,9.7,9.79,0.72
2017-02-24,9.92,10.38,9.84,10.19,4.09
2017-02-27,10.61,10.79,10.49,10.62,4.22
2017-02-28,10.68,10.71,10.46,10.64,0.19
2017-03-02,10.81,10.94,10.49,10.55,-0.85
2017-03-03,10.71,11.27,10.63,10.97,3.98
2017-03-06,11.31,11.41,11.06,11.28,2.83
2017-03-07,11.07,11.25,10.87,11.19,-0.8
2017-03-08,11.05,11.3,10.9,11.3,0.98
2017-03-09,11.34,11.96,11.22,11.96,5.84
2017-03-10,12.29,12.31,10.43,10.67,-10.79
2017-03-13,10.73,10.89,10.63,10.7,0.28
2017-03-14,10.6,11.21,10.55,11.11,3.83
2017-03-15,11.29,11.7,11.29,11.38,2.43
2017-03-16,11.7,11.7,11.15,11.27,-0.97
2017-03-17,11.09,11.46,10.86,11.25,-0.18
2017-03-20,11.75,11.85,11.69,11.74,4.36
2017-03-21,11.84,12.91,11.83,12.64,7.67
2017-03-22,13.15,13.57,13.11,13.16,4.11
2017-03-23,12.93,12.98,12.67,12.75,-3.12
2017-03-24,12.58,12.69,12.35,12.36,-3.06
2017-03-27,12.96,13.12,12.85,12.97,4.94
2017-03-28,12.68,12.72,12.21,12.25,-5.55
2017-03-29,12.04,12.05,11.55,11.55,-5.71
2017-03-30,11.32,11.5,11.16,11.2,-3.03
2017-03-31,11.15,11.22,10.99,11.06,-1.25
2017-04-03,11.31,11.32,10.96,11.01,-0.45
2017-04-04,11.09,11.09,10.67,10.94,-0.64
2017-04-05,10.89,11.7,10.74,11.1,1.46
2017-04-06,11.64,12.31,11.64,11.82,6.49
2017-04-07,11.66,13.09,11.66,12.63,6.85
2017-04-10,13.27,15.32,13.26,14.77,16.94
2017-04-11,15.18,19.05,14.85,16.68,12.93
2017-04-12,16.77,26.95,15.74,15.75,-5.58
2017-04-13,14.74,25.8,14.52,14.53,-7.75
2017-04-14,13.9,19.3,13.9,16.4,12.87
2017-04-17,15.78,16.76,15.3,15.81,-3.6
2017-04-18,15.52,16.51,15.16,15.38,-2.72
2017-04-19,15.71,16.01,14.77,14.87,-3.32
2017-04-20,15.02,15.02,13.3,13.3,-10.56
2017-04-21,12.86,12.97,12.49,12.89,-3.08
2017-04-24,12.81,12.96,12.74,12.77,-0.93
2017-04-25,12.62,13.41,12.02,12.02,-5.87
2017-04-26,12.47,12.68,12.18,12.18,1.33
2017-04-27,12.38,12.44,11.82,11.82,-2.96
2017-04-28,11.93,12.41,11.7,12.27,3.81
2017-05-02,12.77,13.68,12.71,13.18,7.42
2017-05-04,13.72,13.77,13.36,13.77,4.48
2017-05-08,14.28,16.07,13.8,15.74,14.31
2017-05-10,17.38,18.88,15.94,16.15,2.6
2017-05-11,15.57,15.61,14.13,14.72,-8.85
2017-05-12,13.74,13.86,12.32,12.32,-16.3
2017-05-15,12.93,13.1,12.79,12.89,4.63
2017-05-16,13.24,13.42,12.51,12.51,-2.95
2017-05-17,12.98,12.99,12.62,12.83,2.56
2017-05-18,13.67,14.06,13.18,13.18,2.73
2017-05-19,13.04,13.07,12.64,12.88,-2.28
2017-05-22,13.08,13.17,12.73,12.79,-0.7
2017-05-23,12.85,13.47,12.8,12.88,0.7
2017-05-24,13.2,13.25,12.95,12.95,0.54
2017-05-25,12.92,13.6,12.92,13.56,4.71
2017-05-26,13.52,14.49,13.51,13.51,-0.37
2017-05-29,14.25,14.58,13.92,14.02,3.77
2017-05-30,14.03,14.19,13.6,13.6,-3.0
2017-05-31,13.64,13.74,13.18,13.18,-3.09
2017-06-01,13.32,13.42,12.77,12.77,-3.11
2017-06-02,12.86,12.99,12.62,12.68,-0.7
2017-06-05,13.11,13.2,12.95,12.97,2.29
2017-06-07,13.13,13.28,12.8,12.89,-0.62
2017-06-08,12.92,13.02,12.04,12.12,-5.97
2017-06-09,11.46,11.81,11.23,11.43,-5.69
2017-06-12,12.02,12.22,11.9,12.09,5.77
2017-06-13,12.0,12.05,11.5,11.54,-4.55
2017-06-14,11.65,11.97,11.6,11.63,0.78
2017-06-15,11.75,12.18,11.57,11.71,0.69
2017-06-16,11.68,11.72,11.46,11.46,-2.13
2017-06-19,11.94,12.04,11.74,11.74,2.44
2017-06-20,11.91,12.01,11.69,11.71,-0.26
2017-06-21,11.98,12.0,11.63,11.63,-0.68
2017-06-22,11.59,11.61,11.17,11.18,-3.87
2017-06-23,11.26,11.44,11.18,11.31,1.16
2017-06-26,11.97,12.02,11.86,11.87,4.95
2017-06-27,12.01,12.06,11.74,11.74,-1.1
2017-06-28,11.86,12.09,11.84,11.98,2.04
2017-06-29,12.01,12.06,11.65,11.65,-2.75
2017-06-30,12.2,12.22,11.98,12.0,3.0
2017-07-03,12.42,12.48,12.3,12.3,2.5
2017-07-04,12.34,14.38,12.31,14.03,14.07
2017-07-05,13.8,13.85,13.13,13.18,-6.06
2017-07-06,13.06,13.27,12.9,12.99,-1.44
2017-07-07,13.33,13.55,12.96,12.97,-0.15
2017-07-10,13.12,13.14,12.46,12.55,-3.24
2017-07-11,12.49,12.51,12.01,12.09,-3.67
2017-07-12,12.14,12.15,11.71,11.73,-2.98
2017-07-13,11.67,11.92,10.92,10.93,-6.82
2017-07-14,10.76,10.78,10.14,10.43,-4.57
2017-07-17,10.66,10.92,10.64,10.78,3.36
2017-07-18,10.8,10.89,10.68,10.74,-0.37
2017-07-19,10.76,10.96,10.58,10.62,-1.12
2017-07-20,10.7,10.81,10.28,10.39,-2.17
2017-07-21,10.47,10.52,9.82,9.82,-5.49
2017-07-24,10.33,10.41,10.06,10.06,2.44
2017-07-25,10.16,10.44,10.04,10.36,2.98
2017-07-26,10.43,10.99,10.36,10.52,1.54
2017-07-27,10.4,10.58,10.36,10.38,-1.33
2017-07-28,11.04,12.93,11.04,12.93,24.57
2017-07-31,13.08,13.41,12.49,12.79,-1.08
2017-08-01,12.7,12.7,11.63,11.66,-8.84
2017-08-02,11.59,11.62,11.29,11.41,-2.14
2017-08-03,12.82,15.21,12.81,13.48,18.14
2017-08-04,13.04,13.58,12.72,12.78,-5.19
2017-08-07,12.54,12.64,12.06,12.62,-1.25
2017-08-08,12.12,13.02,12.12,12.54,-0.63
2017-08-09,14.54,16.28,14.51,15.7,25.2
2017-08-10,15.3,20.31,15.07,16.55,5.41
2017-08-11,20.6,21.01,18.56,18.96,14.56
2017-08-14,17.28,17.41,16.57,16.75,-11.66
2017-08-16,14.0,14.9,13.96,14.09,-15.88
2017-08-17,13.51,13.53,12.19,12.19,-13.48
2017-08-18,13.71,14.03,12.89,13.1,7.47
2017-08-21,13.69,13.84,13.23,13.41,2.37
2017-08-22,12.76,12.99,12.65,12.65,-5.67
2017-08-23,12.4,12.95,12.34,12.61,-0.32
2017-08-24,12.33,12.4,12.04,12.17,-3.49
2017-08-25,12.42,12.61,12.18,12.18,0.08
2017-08-28,12.65,13.22,12.59,13.05,7.14
2017-08-29,14.08,15.44,13.57,13.72,5.13
2017-08-30,13.44,13.44,12.94,12.94,-5.69
2017-08-31,13.13,14.06,13.13,13.64,5.41
2017-09-01,13.27,13.87,13.18,13.36,-2.05
2017-09-04,15.76,15.76,14.67,15.23,14.0
2017-09-05,15.08,16.46,15.08,16.12,5.84
2017-09-06,16.55,16.64,16.15,16.29,1.05
2017-09-07,15.56,15.56,14.28,14.66,-10.01
2017-09-08,14.61,15.26,14.5,14.99,2.25
2017-09-11,13.55,14.19,13.31,13.89,-7.34
2017-09-12,13.71,13.87,13.46,13.46,-3.1
2017-09-13,13.65,13.65,12.28,13.4,-0.45
2017-09-14,12.86,12.93,11.53,11.53,-13.96
2017-09-15,12.23,12.29,10.94,11.12,-3.56
2017-09-18,11.26,11.6,11.06,11.34,1.98
2017-09-19,11.51,11.57,11.34,11.34,0.0
2017-09-20,11.54,11.77,11.53,11.69,3.09
2017-09-21,11.69,11.76,11.52,11.56,-1.11
2017-09-22,11.74,12.63,11.73,12.32,6.57
2017-09-25,12.81,12.81,12.33,12.36,0.32
2017-09-26,13.0,13.33,12.58,12.65,2.35
2017-09-27,12.75,12.75,12.26,12.37,-2.21
2017-09-28,12.71,13.05,12.43,12.65,2.26
2017-09-29,13.09,13.41,12.96,13.41,6.01
2017-10-10,13.69,13.99,13.37,13.86,3.36
2017-10-11,13.46,13.47,13.06,13.2,-4.76
2017-10-12,13.01,13.01,12.18,12.18,-7.73
2017-10-13,12.21,12.22,11.42,11.46,-5.91
2017-10-16,11.74,12.08,11.73,11.92,4.01
2017-10-17,11.97,12.04,11.88,12.0,0.67
2017-10-18,12.16,12.39,12.08,12.08,0.67
2017-10-19,12.09,12.4,11.86,12.4,2.65
2017-10-20,12.23,12.23,11.93,11.93,-3.79
2017-10-23,12.39,12.47,12.22,12.23,2.51
2017-10-24,12.33,12.35,12.2,12.29,0.49
2017-10-25,12.39,12.65,12.24,12.37,0.65
2017-10-26,12.4,12.6,12.25,12.57,1.62
2017-10-27,12.33,12.34,12.13,12.21,-2.86
2017-10-30,12.52,12.54,12.31,12.39,1.47
2017-10-31,12.4,12.4,11.99,12.06,-2.66
2017-11-01,12.36,12.88,12.31,12.69,5.22
2017-11-02,12.75,13.1,12.52,12.99,2.36
2017-11-03,12.94,13.31,12.92,13.09,0.77
2017-11-06,13.21,14.07,13.1,13.79,5.35
2017-11-07,13.6,14.11,13.23,13.92,0.94
2017-11-08,14.03,14.03,13.22,13.22,-5.03
2017-11-09,13.0,13.02,11.97,11.97,-9.46
2017-11-10,11.76,11.92,11.11,11.11,-7.18
2017-11-13,11.29,12.07,11.29,11.81,6.3
2017-11-14,11.75,11.99,11.58,11.64,-1.44
2017-11-15,12.05,12.2,11.66,12.03,3.35
2017-11-16,11.93,12.07,11.21,11.33,-5.82
2017-11-17,11.2,11.54,10.96,11.29,-0.35
2017-11-20,11.58,11.94,11.5,11.79,4.43
2017-11-21,11.73,11.86,11.52,11.53,-2.21
2017-11-22,11.64,11.78,11.44,11.47,-0.52
2017-11-23,11.52,11.69,11.45,11.5,0.26
2017-11-24,11.57,11.61,11.43,11.49,-0.09
2017-11-27,11.98,12.88,11.98,12.43,8.18
2017-11-28,12.11,12.13,11.75,12.0,-3.46
2017-11-29,12.33,12.56,12.21,12.23,1.92
2017-11-30,13.06,13.61,12.38,13.2,7.93
2017-12-01,13.1,13.61,13.03,13.26,0.45
2017-12-04,13.47,13.71,13.23,13.23,-0.23
2017-12-05,13.47,13.51,12.98,12.98,-1.89
2017-12-06,13.23,13.81,13.0,13.58,4.62
2017-12-07,13.53,14.13,13.44,13.66,0.59
2017-12-08,13.68,13.82,13.04,13.04,-4.54
2017-12-11,13.26,13.35,12.46,12.46,-4.45
2017-12-12,12.5,12.68,12.16,12.16,-2.41
2017-12-13,12.17,12.19,11.15,11.18,-8.06
2017-12-14,10.63,13.08,10.37,11.76,5.19
2017-12-15,11.56,11.73,10.89,11.06,-5.95
2017-12-18,11.56,11.67,11.26,11.4,3.07
2017-12-19,11.36,11.97,11.29,11.75,3.07
2017-12-20,12.0,12.1,11.84,11.87,1.02
2017-12-21,12.54,12.92,12.2,12.72,7.16
2017-12-22,14.07,14.17,11.88,11.92,-6.29
2017-12-26,12.46,13.19,12.45,12.93,8.47
2017-12-27,12.95,13.0,12.6,12.9,-0.23
2017-12-28,12.87,12.99,12.06,12.06,-6.51
2018-01-02,12.99,13.13,12.58,12.66,4.98
2018-01-03,12.84,13.01,12.64,12.64,-0.16
2018-01-04,12.66,12.85,12.22,12.22,-3.32
2018-01-05,12.11,12.17,11.83,11.92,-2.45
2018-01-08,12.44,12.71,12.21,12.31,3.27
2018-01-09,12.47,12.54,12.03,12.03,-2.27
2018-01-10,12.04,12.32,11.88,12.12,0.75
2018-01-11,12.08,12.1,11.19,11.19,-7.67
2018-01-12,10.96,11.08,10.74,11.0,-1.7
2018-01-15,11.66,11.89,11.63,11.78,7.09
2018-01-16,11.95,12.1,11.78,11.81,0.25
2018-01-17,11.94,12.21,11.86,12.21,3.39
2018-01-18,12.39,12.58,12.23,12.53,2.62
2018-01-19,12.57,12.78,12.56,12.67,1.12
2018-01-22,13.33,13.66,13.05,13.09,3.31
2018-01-23,13.02,13.02,12.64,12.75,-2.6
2018-01-24,12.9,13.03,12.69,12.76,0.08
2018-01-25,12.94,12.96,12.48,12.48,-2.19
2018-01-26,12.65,12.73,12.52,12.52,0.32
2018-01-29,13.08,13.51,13.08,13.42,7.19
2018-01-30,13.74,14.47,13.66,14.23,6.04
2018-01-31,14.49,14.91,13.7,14.54,2.18
2018-02-01,14.41,14.41,13.9,13.98,-3.85
2018-02-02,14.14,17.09,13.95,14.34,2.58
2018-02-05,17.1,17.83,16.01,16.24,13.25
2018-02-06,22.67,28.34,20.98,22.61,39.22
2018-02-07,19.04,23.35,17.59,23.04,1.9
2018-02-08,20.23,21.65,17.86,18.21,-20.96
2018-02-09,24.16,24.18,21.63,23.73,30.31
2018-02-12,22.12,22.47,20.79,21.67,-8.68
2018-02-13,19.59,20.49,18.5,20.14,-7.06
2018-02-14,19.03,19.18,18.46,18.52,-8.04
2018-02-19,16.54,17.0,16.4,16.66,-10.04
2018-02-20,16.73,17.75,16.53,17.1,2.64
2018-02-21,17.2,17.22,16.33,16.56,-3.16
2018-02-22,17.48,17.48,16.64,16.85,1.75
2018-02-23,16.17,16.17,15.48,15.49,-8.07
2018-02-26,15.38,15.49,15.11,15.11,-2.45
2018-02-27,14.35,14.71,14.18,14.53,-3.84
2018-02-28,20.0,20.01,14.51,15.55,7.02
2018-03-02,17.54,18.33,17.19,17.39,11.83
2018-03-05,17.71,18.83,17.46,18.69,7.48
2018-03-06,17.19,17.19,16.27,16.67,-10.81
2018-03-07,17.48,17.89,16.8,17.6,5.58
2018-03-08,16.86,16.94,15.47,15.49,-11.99
2018-03-09,14.81,15.33,14.75,14.8,-4.45
2018-03-12,15.07,15.18,14.79,15.13,2.23
2018-03-13,15.18,15.25,14.86,15.05,-0.53
2018-03-14,15.36,15.38,15.14,15.16,0.73
2018-03-15,15.41,15.8,15.36,15.52,2.37
2018-03-16,15.72,16.11,15.52,15.52,0.0
2018-03-19,16.12,16.58,16.09,16.3,5.03
2018-03-20,17.06,17.09,16.46,16.47,1.04
2018-03-21,16.64,16.76,16.58,16.73,1.58
2018-03-22,16.36,16.37,15.78,16.24,-2.93
2018-03-23,18.09,20.52,18.08,20.21,24.45
2018-03-26,20.6,20.95,19.29,19.29,-4.55
2018-03-27,18.34,18.49,17.99,18.16,-5.86
2018-03-28,19.04,20.31,19.04,19.81,9.09
2018-03-29,19.79,19.79,18.91,18.94,-4.39
2018-03-30,18.55,18.55,17.54,17.54,-7.39
2018-04-02,18.56,18.56,18.04,18.3,4.33
2018-04-03,19.22,19.39,18.42,18.61,1.69
2018-04-04,18.39,18.92,18.04,18.86,1.34
2018-04-05,18.13,18.27,17.03,17.03,-9.7
2018-04-06,17.89,17.91,17.35,17.35,1.88
2018-04-09,17.8,17.8,16.47,16.5,-4.9
2018-04-10,17.04,17.05,15.11,15.11,-8.42
2018-04-11,15.49,15.73,15.19,15.65,3.57
2018-04-12,15.27,15.36,14.95,15.24,-2.62
2018-04-13,14.53,14.6,13.73,13.81,-9.38
2018-04-16,14.13,14.14,13.65,13.91,0.72
2018-04-17,13.62,13.67,13.27,13.35,-4.03
2018-04-18,13.01,13.31,12.81,12.92,-3.22
2018-04-19,12.76,12.76,12.52,12.6,-2.48
2018-04-20,12.81,12.99,12.68,12.91,2.46
2018-04-23,13.49,13.61,13.39,13.58,5.19
2018-04-24,13.65,14.4,13.61,14.3,5.3
2018-04-25,14.91,15.29,14.78,14.86,3.92
2018-04-26,14.71,14.83,14.38,14.57,-1.95
2018-04-27,14.25,14.31,13.97,14.05,-3.57
2018-04-30,14.21,14.24,13.58,13.59,-3.27
2018-05-02,13.87,14.01,13.49,13.63,0.29
2018-05-03,13.74,13.8,13.39,13.66,0.22
2018-05-04,13.56,13.56,13.26,13.31,-2.56
2018-05-08,13.35,13.39,12.99,13.39,0.6
2018-05-09,12.93,13.42,12.7,12.73,-4.93
2018-05-10,12.4,12.41,11.95,11.95,-6.13
2018-05-11,11.56,11.56,11.15,11.25,-5.86
2018-05-14,11.36,11.89,11.3,11.71,4.09
2018-05-15,11.76,12.88,11.74,12.8,9.31
2018-05-16,13.08,13.16,12.44,12.69,-0.86
2018-05-17,12.25,13.11,12.14,13.09,3.15
2018-05-18,12.82,13.04,12.65,12.69,-3.06
2018-05-21,13.49,13.99,12.76,12.94,1.97
2018-05-23,13.19,13.2,12.77,12.82,-0.93
2018-05-24,12.79,13.3,12.79,12.84,0.16
2018-05-25,13.22,13.3,12.5,12.5,-2.65
2018-05-28,12.82,12.84,12.54,12.55,0.4
2018-05-29,12.61,12.94,12.55,12.93,3.03
2018-05-30,13.75,15.99,13.72,15.52,20.03
2018-05-31,14.88,14.92,14.04,14.55,-6.25
2018-06-01,14.21,14.23,13.18,13.18,-9.42
2018-06-04,13.28,13.28,12.66,12.67,-3.87
2018-06-05,12.76,13.16,12.45,12.51,-1.26
2018-06-07,12.42,12.51,12.19,12.35,-1.28
2018-06-08,12.59,12.98,12.35,12.96,4.94
2018-06-11,13.44,13.46,13.06,13.25,2.24
2018-06-12,13.47,13.68,12.81,12.81,-3.32
2018-06-14,13.15,13.67,12.91,13.18,2.89
2018-06-15,12.8,13.83,12.76,13.65,3.57
2018-06-18,14.23,15.82,14.19,15.09,10.55
2018-06-19,15.49,17.0,15.38,16.74,10.93
2018-06-20,16.4,16.44,14.93,15.38,-8.12
2018-06-21,15.38,16.03,15.31,15.85,3.06
2018-06-22,16.54,16.81,15.14,15.17,-4.29
2018-06-25,16.06,16.18,15.25,15.48,2.04
2018-06-26,16.31,16.87,15.5,15.74,1.68
2018-06-27,15.73,16.08,15.47,16.08,2.16
2018-06-28,16.44,17.01,16.28,16.7,3.86
2018-06-29,16.75,17.49,15.96,16.04,-3.95
2018-07-02,16.47,18.34,16.42,18.34,14.34
2018-07-03,17.64,18.81,17.39,17.76,-3.16
2018-07-04,17.7,17.93,17.28,17.49,-1.52
2018-07-05,17.51,17.94,17.33,17.34,-0.86
2018-07-06,17.32,17.45,15.96,16.28,-6.11
2018-07-09,16.42,16.45,14.81,14.81,-9.03
2018-07-10,14.15,14.17,13.68,13.89,-6.21
2018-07-11,14.39,15.62,14.35,14.83,6.77
2018-07-12,14.56,14.66,13.98,14.11,-4.86
2018-07-13,13.7,13.75,13.06,13.06,-7.44
2018-07-16,13.75,13.77,13.31,13.57,3.91
2018-07-17,13.73,14.1,13.6,13.8,1.69
2018-07-18,13.34,14.24,13.12,14.0,1.45
2018-07-19,13.97,14.48,13.72,14.27,1.93
2018-07-20,14.46,14.84,13.79,13.93,-2.38
2018-07-23,14.64,14.92,14.43,14.66,5.24
2018-07-24,14.82,14.87,14.08,14.09,-3.89
2018-07-25,13.9,14.26,13.78,13.89,-1.42
2018-07-26,13.99,14.03,13.17,13.17,-5.18
2018-07-27,13.15,13.16,12.67,12.67,-3.8
2018-07-30,13.42,13.54,13.12,13.2,4.18
2018-07-31,13.35,13.46,13.04,13.05,-1.14
2018-08-01,12.8,12.8,12.51,12.51,-4.14
2018-08-02,12.55,13.82,12.34,13.47,7.67
2018-08-03,13.36,13.36,12.4,12.4,-7.94
2018-08-06,12.46,12.58,12.18,12.49,0.73
2018-08-07,12.52,12.65,12.04,12.04,-3.6
2018-08-08,11.95,12.09,11.81,12.02,-0.17
2018-08-09,12.1,12.13,11.39,11.44,-4.83
2018-08-10,11.85,12.23,11.5,12.14,6.12
2018-08-13,13.33,15.06,13.26,14.21,17.05
2018-08-14,14.06,14.06,12.93,13.13,-7.6
2018-08-16,15.28,15.81,14.19,14.32,9.06
2018-08-17,14.04,14.09,13.44,13.79,-3.7
2018-08-20,13.24,14.17,13.17,13.64,-1.09
2018-08-21,13.66,13.71,12.43,12.43,-8.87
2018-08-22,12.7,12.7,12.11,12.29,-1.13
2018-08-23,12.22,12.5,11.91,12.01,-2.28
2018-08-24,12.12,12.29,11.61,11.61,-3.33
2018-08-27,11.92,11.94,11.71,11.74,1.12
2018-08-28,11.62,11.78,11.48,11.66,-0.68
2018-08-29,11.7,11.74,11.32,11.38,-2.4
2018-08-30,11.48,11.51,11.2,11.43,0.44
2018-08-31,11.81,11.87,11.6,11.64,1.84
2018-09-03,12.05,12.26,11.93,11.99,3.01
2018-09-04,12.06,12.11,11.6,11.63,-3.0
2018-09-05,11.93,12.65,11.74,12.6,8.34
2018-09-06,12.52,12.61,12.07,12.44,-1.27
2018-09-07,13.44,13.53,12.55,12.72,2.25
2018-09-10,13.07,13.11,12.53,12.56,-1.26
2018-09-11,12.19,12.91,12.15,12.29,-2.15
2018-09-12,12.27,12.42,11.97,12.01,-2.28
2018-09-13,11.74,11.92,11.5,11.51,-4.16
2018-09-14,11.28,11.29,10.64,10.66,-7.38
2018-09-17,11.46,11.73,11.4,11.56,8.44
2018-09-18,11.94,11.98,11.6,11.62,0.52
2018-09-19,11.73,11.85,11.42,11.42,-1.72
2018-09-20,11.18,11.2,10.87,10.97,-3.94
2018-09-21,11.2,11.21,10.99,11.09,1.09
2018-09-27,11.92,11.92,11.35,11.35,2.34
2018-09-28,11.46,11.49,11.21,11.24,-0.97
2018-10-01,11.73,11.97,11.45,11.6,3.2
2018-10-02,11.58,11.97,11.35,11.81,1.81
2018-10-04,12.25,12.94,12.21,12.93,9.48
2018-10-05,12.91,13.52,12.74,13.06,1.01
2018-10-08,13.83,14.05,13.53,14.01,7.27
2018-10-10,14.1,15.21,14.08,14.72,5.07
2018-10-11,18.01,20.16,17.38,19.49,32.4
2018-10-12,19.3,19.3,16.58,17.18,-11.85
2018-10-15,18.2,18.67,17.72,18.4,7.1
2018-10-16,17.73,18.46,17.56,18.05,-1.9
2018-10-17,16.2,16.82,16.02,16.08,-10.91
2018-10-18,16.68,16.71,15.75,16.4,1.99
2018-10-19,17.37,17.79,15.9,15.96,-2.68
2018-10-22,17.17,17.22,16.07,16.24,1.75
2018-10-23,17.03,19.79,17.03,19.04,17.24
2018-10-24,18.39,19.16,17.94,18.93,-0.58
2018-10-25,22.34,23.11,20.67,20.68,9.24
2018-10-26,21.68,24.34,21.18,22.42,8.41
2018-10-29,22.33,23.05,21.32,23.03,2.72
2018-10-30,22.89,23.19,21.21,21.91,-4.86
2018-10-31,21.94,21.94,20.33,20.49,-6.48
2018-11-01,19.42,19.9,18.38,19.7,-3.86
2018-11-02,18.74,24.86,17.75,18.11,-8.07
2018-11-05,19.2,20.56,19.18,19.73,8.95
2018-11-06,19.67,20.48,18.97,19.89,0.81
2018-11-07,19.68,19.71,18.57,19.25,-3.22
2018-11-08,17.15,17.6,16.59,16.6,-13.77
2018-11-09,15.8,16.01,14.92,15.79,-4.88
2018-11-12,16.91,17.02,16.36,16.69,5.7
2018-11-13,18.61,19.92,18.23,18.62,11.56
2018-11-14,18.3,19.05,18.21,18.94,1.72
2018-11-15,18.76,19.64,18.27,18.32,-3.27
2018-11-16,17.71,18.27,17.57,18.15,-0.93
2018-11-19,17.57,18.28,17.44,17.72,-2.37
2018-11-20,18.67,18.68,18.2,18.55,4.68
2018-11-21,19.49,19.63,18.79,18.91,1.94
2018-11-22,18.74,18.88,18.41,18.41,-2.64
2018-11-23,18.36,18.96,18.29,18.48,0.38
2018-11-26,18.57,18.71,17.79,17.82,-3.57
2018-11-27,17.65,17.88,17.34,17.46,-2.02
2018-11-28,17.62,17.87,17.52,17.54,0.46
2018-11-29,17.25,18.19,17.19,17.99,2.57
2018-11-30,18.3,18.75,18.14,18.57,3.22
2018-12-03,17.22,17.25,16.5,16.62,-10.5
2018-12-04,16.69,17.0,16.35,16.75,0.78
2018-12-05,17.75,17.8,17.06,17.1,2.09
2018-12-06,17.79,19.09,17.69,18.96,10.88
2018-12-07,18.07,18.88,18.01,18.15,-4.27
2018-12-10,20.09,20.45,19.54,19.82,9.2
2018-12-11,19.55,19.69,18.62,18.62,-6.05
2018-12-12,18.19,18.25,17.13,17.25,-7.36
2018-12-13,17.03,17.03,15.87,15.87,-8.0
2018-12-14,15.67,18.01,15.67,17.65,11.22
2018-12-17,17.85,18.02,17.15,17.44,-1.19
2018-12-18,17.96,18.42,17.32,17.98,3.1
2018-12-19,17.92,18.03,17.64,17.85,-0.72
2018-12-20,18.39,19.01,17.54,18.57,4.03
2018-12-21,18.83,19.17,18.65,18.67,0.54
2018-12-24,19.75,19.95,19.46,19.49,4.39
2018-12-26,21.08,22.52,20.97,21.74,11.54
2018-12-27,20.54,20.55,19.1,19.26,-11.41
2018-12-28,18.88,19.14,18.85,18.99,-1.4
2019-01-02,18.95,20.19,18.92,19.74,3.95
2019-01-03,19.64,19.7,19.08,19.25,-2.48
2019-01-04,19.16,19.23,17.96,17.96,-6.7
2019-01-07,17.15,17.16,16.48,16.67,-7.18
2019-01-08,16.31,16.38,15.89,16.13,-3.24
2019-01-09,15.44,15.56,15.35,15.45,-4.22
2019-01-10,15.38,15.92,14.84,15.01,-2.85
2019-01-11,14.73,15.21,14.39,14.67,-2.27
2019-01-14,15.16,15.21,14.66,14.97,2.04
2019-01-15,14.58,15.17,14.29,15.06,0.6
2019-01-16,14.95,15.06,14.62,14.62,-2.92
2019-01-17,14.81,15.08,14.65,14.98,2.46
2019-01-18,14.85,14.91,14.31,14.32,-4.41
2019-01-21,14.95,15.18,14.64,14.64,2.23
2019-01-22,14.84,15.03,14.62,14.93,1.98
2019-01-23,15.13,15.22,14.8,14.8,-0.87
2019-01-24,14.63,14.72,14.0,14.03,-5.2
2019-01-25,13.91,14.89,13.91,14.42,2.78
2019-01-28,14.96,15.14,14.85,14.94,3.61
2019-01-29,15.23,15.46,15.14,15.18,1.61
2019-01-30,15.56,17.04,15.53,16.99,11.92
2019-01-31,16.14,16.16,15.51,15.51,-8.71
2019-02-01,15.6,15.6,14.72,14.86,-4.19
2019-02-07,15.24,15.26,14.66,14.75,-0.74
2019-02-08,15.15,15.47,14.76,14.83,0.54
2019-02-11,15.17,15.18,14.67,14.87,0.27
2019-02-12,14.7,14.88,14.54,14.88,0.07
2019-02-13,14.83,15.77,14.74,15.77,5.98
2019-02-14,15.69,15.69,13.4,13.76,-12.75
2019-02-15,13.94,14.67,13.79,14.24,3.49
2019-02-18,14.25,14.93,14.25,14.29,0.35
2019-02-19,15.48,15.53,14.7,15.15,6.02
2019-02-20,14.95,15.03,14.6,14.64,-3.37
2019-02-21,14.8,14.93,14.51,14.53,-0.75
2019-02-22,14.86,14.91,14.17,14.2,-2.27
2019-02-25,14.79,15.05,14.59,14.59,2.75
2019-02-26,14.8,14.91,14.51,14.63,0.27
2019-02-27,14.7,14.78,14.22,14.54,-0.62
2019-02-28,15.1,15.66,14.86,15.49,6.53
2019-03-04,14.8,15.07,14.61,15.01,-3.1
2019-03-05,15.29,15.31,14.75,14.75,-1.73
2019-03-06,14.93,14.97,14.52,14.53,-1.49
2019-03-07,14.78,15.14,14.55,14.55,0.14
2019-03-08,14.94,15.34,14.71,15.17,4.26
2019-03-11,15.33,15.98,15.3,15.58,2.7
2019-03-12,14.65,14.9,14.47,14.6,-6.29
2019-03-13,14.77,15.44,14.44,14.79,1.3
2019-03-14,14.33,14.67,13.79,13.96,-5.61
2019-03-15,13.92,14.27,13.43,13.6,-2.58
2019-03-18,14.23,14.32,13.89,13.9,2.21
2019-03-19,14.31,14.35,13.6,13.6,-2.16
2019-03-20,13.94,14.7,13.93,13.95,2.57
2019-03-21,13.72,13.9,13.41,13.48,-3.37
2019-03-22,13.35,13.36,13.09,13.1,-2.82
2019-03-25,14.67,15.18,14.63,15.06,14.96
2019-03-26,14.78,14.99,14.61,14.82,-1.59
2019-03-27,15.3,15.4,14.62,14.67,-1.01
2019-03-28,15.07,15.39,14.92,14.92,1.7
2019-03-29,14.84,14.91,14.08,14.29,-4.22
2019-04-01,13.8,13.9,13.65,13.73,-3.92
2019-04-02,13.42,13.65,13.33,13.34,-2.84
2019-04-03,13.4,13.43,13.1,13.29,-0.37
2019-04-04,13.49,13.6,13.3,13.6,2.33
2019-04-05,13.66,13.84,13.47,13.59,-0.07
2019-04-08,13.86,13.9,13.09,13.15,-3.24
2019-04-09,13.1,13.19,12.65,12.67,-3.65
2019-04-10,12.91,30.41,12.61,30.4,139.94
2019-04-11,12.62,12.63,12.1,12.29,-59.57
2019-04-12,12.7,12.76,12.33,12.41,0.98
2019-04-15,12.84,13.04,12.78,12.92,4.11
2019-04-16,13.04,13.08,12.62,12.66,-2.01
2019-04-17,12.81,12.82,12.65,12.65,-0.08
2019-04-18,12.88,13.13,12.78,12.85,1.58
2019-04-19,12.71,12.83,12.44,12.45,-3.11
2019-04-22,13.12,13.14,12.72,12.89,3.53
2019-04-23,12.96,12.99,12.64,12.72,-1.32
2019-04-24,12.88,13.42,12.79,12.9,1.42
2019-04-25,13.25,13.28,12.87,12.88,-0.16
2019-04-26,13.54,13.58,12.93,12.98,0.78
2019-04-29,13.1,13.3,12.76,13.22,1.85
2019-04-30,13.3,13.68,13.14,13.28,0.45
2019-05-02,13.7,13.83,13.32,13.72,3.31
2019-05-03,13.7,13.85,13.43,13.54,-1.31
2019-05-07,15.14,15.47,14.53,14.61,7.9
2019-05-08,15.97,15.99,15.23,15.83,8.35
2019-05-09,15.98,19.92,15.98,18.28,15.48
2019-05-10,17.53,19.97,17.53,18.53,1.37
2019-05-13,18.84,18.84,17.88,18.38,-0.81
2019-05-14,19.0,19.19,17.66,18.05,-1.8
2019-05-15,17.69,17.74,16.45,16.63,-7.87
2019-05-16,16.57,17.14,16.49,16.6,-0.18
2019-05-17,16.13,16.39,15.67,16.03,-3.43
2019-05-20,16.11,16.13,15.77,15.9,-0.81
2019-05-21,15.92,16.05,15.38,15.66,-1.51
2019-05-22,15.56,16.16,15.52,16.1,2.81
2019-05-23,16.31,16.84,16.21,16.4,1.86
2019-05-24,16.74,17.13,16.66,16.66,1.59
2019-05-27,17.27,17.3,16.95,17.07,2.46
2019-05-28,17.19,17.34,16.79,17.01,-0.35
2019-05-29,17.69,17.85,17.24,17.32,1.82
2019-05-30,17.01,17.35,16.67,16.67,-3.75
2019-05-31,17.23,17.34,16.83,17.32,3.9
2019-06-03,18.21,18.25,17.32,17.32,0.0
2019-06-04,17.47,17.66,17.32,17.4,0.46
2019-06-05,17.0,17.02,16.28,16.46,-5.4
2019-06-07,16.58,16.59,15.75,15.79,-4.07
2019-06-10,15.89,15.99,14.94,14.94,-5.38
2019-06-11,15.04,15.07,14.78,14.85,-0.6
2019-06-12,15.02,15.11,14.86,14.96,0.74
2019-06-13,14.88,15.42,14.51,14.89,-0.47
2019-06-14,15.05,15.12,14.33,14.4,-3.29
2019-06-17,15.01,15.01,14.6,14.68,1.94
2019-06-18,14.6,14.7,14.5,14.54,-0.95
2019-06-19,14.45,14.49,14.3,14.4,-0.96
2019-06-20,14.32,14.32,13.67,13.67,-5.07
2019-06-21,13.95,14.06,13.71,13.77,0.73
2019-06-24,14.43,14.46,13.81,13.99,1.6
2019-06-25,14.14,14.26,13.77,14.09,0.71
2019-06-26,14.4,14.41,14.05,14.05,-0.28
2019-06-27,14.15,14.37,13.94,13.94,-0.78
2019-06-28,14.22,14.49,14.14,14.43,3.52
2019-07-01,14.16,14.32,13.95,14.03,-2.77
2019-07-02,13.98,14.06,13.39,13.41,-4.42
2019-07-03,13.32,13.7,13.23,13.5,0.67
2019-07-04,13.39,13.46,13.1,13.15,-2.59
2019-07-05,13.31,13.36,13.02,13.16,0.08
2019-07-08,13.83,14.66,13.56,14.48,10.03
2019-07-09,14.41,14.43,14.08,14.43,-0.35
2019-07-10,14.21,14.66,14.05,14.63,1.39
2019-07-11,13.85,14.07,13.16,13.96,-4.58
2019-07-12,13.87,13.88,12.74,12.81,-8.24
2019-07-15,13.51,13.51,12.98,13.03,1.72
2019-07-16,12.89,13.01,12.56,12.57,-3.53
2019-07-17,12.94,13.44,12.92,13.04,3.74
2019-07-18,13.36,13.83,13.33,13.8,5.83
2019-07-19,13.24,13.42,13.1,13.11,-5.0
2019-07-22,13.78,13.88,13.67,13.67,4.27
2019-07-23,13.58,13.58,13.16,13.16,-3.73
2019-07-24,13.35,14.0,13.28,13.75,4.48
2019-07-25,14.17,14.43,13.95,14.09,2.47
2019-07-26,14.57,14.79,14.33,14.34,1.77
2019-07-29,15.0,15.47,14.81,15.08,5.16
2019-07-30,15.06,15.19,14.71,14.96,-0.8
2019-07-31,15.34,16.39,14.95,15.29,2.21
2019-08-01,15.85,15.87,14.97,15.22,-0.46
2019-08-02,16.44,16.97,15.87,16.01,5.19
2019-08-05,16.66,19.14,16.54,19.08,19.18
2019-08-06,22.65,23.82,18.65,20.62,8.07
2019-08-07,19.86,20.4,19.09,19.24,-6.69
2019-08-08,18.61,18.84,16.47,16.47,-14.4
2019-08-09,15.66,16.04,15.64,15.91,-3.4
2019-08-12,16.38,16.47,15.34,15.34,-3.58
2019-08-13,16.47,17.25,16.03,17.25,12.45
2019-08-14,15.8,16.21,15.72,16.09,-6.72
2019-08-16,17.76,17.97,17.04,17.06,6.03
2019-08-19,16.93,17.04,16.34,16.41,-3.81
2019-08-20,16.29,16.32,14.84,14.99,-8.65
2019-08-21,15.19,15.25,15.01,15.18,1.27
2019-08-22,15.05,15.37,14.98,15.23,0.33
2019-08-23,15.54,15.66,15.45,15.55,2.1
2019-08-26,17.43,17.83,17.06,17.33,11.45
2019-08-27,16.59,16.79,16.28,16.66,-3.87
2019-08-28,16.53,16.72,16.34,16.46,-1.2
2019-08-29,16.54,16.96,16.39,16.81,2.13
2019-08-30,15.63,15.92,15.63,15.75,-6.31
2019-09-02,16.36,16.36,15.92,16.15,2.54
2019-09-03,16.29,16.57,16.25,16.53,2.35
2019-09-04,16.42,16.43,15.83,15.97,-3.39
2019-09-05,15.69,15.86,15.07,15.07,-5.64
2019-09-06,14.69,14.74,14.23,14.54,-3.52
2019-09-09,14.44,14.52,14.05,14.37,-1.17
2019-09-10,14.19,14.22,13.43,13.43,-6.54
2019-09-11,13.33,14.03,13.33,13.5,0.52
2019-09-16,14.75,14.79,14.4,14.41,6.74
2019-09-17,14.6,14.7,14.55,14.63,1.53
2019-09-18,14.95,15.06,14.73,14.76,0.89
2019-09-19,14.72,14.72,14.17,14.26,-3.39
2019-09-20,14.48,14.49,14.07,14.08,-1.26
2019-09-23,14.76,14.8,14.62,14.7,4.4
2019-09-24,14.74,14.9,14.62,14.69,-0.07
2019-09-25,15.09,15.63,15.07,15.62,6.33
2019-09-26,15.52,15.61,14.94,15.06,-3.59
2019-09-27,15.25,15.35,14.77,14.85,-1.39
2019-09-30,15.57,15.58,15.04,15.15,2.02
2019-10-01,15.28,15.31,14.88,14.89,-1.72
2019-10-02,15.83,16.2,15.73,15.86,6.51
2019-10-04,16.02,16.34,15.46,16.31,2.84
2019-10-07,16.27,16.63,16.06,16.25,-0.37
2019-10-08,16.28,16.3,15.27,15.37,-5.42
2019-10-10,16.01,16.78,15.6,15.63,1.69
2019-10-11,15.05,15.06,14.55,14.84,-5.05
2019-10-14,14.32,14.43,14.21,14.3,-3.64
2019-10-15,14.29,14.31,13.78,13.8,-3.5
2019-10-16,13.32,13.65,13.17,13.27,-3.84
2019-10-17,13.45,13.51,13.28,13.34,0.53
2019-10-18,13.33,13.98,13.26,13.85,3.82
2019-10-21,14.24,14.31,13.84,13.84,-0.07
2019-10-22,13.67,13.68,13.01,13.09,-5.42
2019-10-23,13.41,13.57,13.22,13.22,0.99
2019-10-24,13.33,13.68,13.13,13.2,-0.15
2019-10-25,13.44,13.54,13.29,13.42,1.67
2019-10-28,13.61,13.82,13.54,13.64,1.64
2019-10-29,13.56,13.7,13.42,13.48,-1.17
2019-10-30,13.93,13.98,13.66,13.85,2.74
2019-10-31,13.5,13.7,13.26,13.59,-1.88
2019-11-01,13.72,13.73,13.22,13.22,-2.72
2019-11-04,13.48,13.48,13.28,13.32,0.76
2019-11-05,13.5,13.54,13.15,13.42,0.75
2019-11-06,13.49,13.92,13.46,13.89,3.5
2019-11-07,13.86,13.88,13.45,13.78,-0.79
2019-11-08,13.63,13.85,13.52,13.79,0.07
2019-11-11,14.18,14.21,13.88,14.21,3.05
2019-11-12,14.05,14.14,13.59,13.65,-3.94
2019-11-13,13.75,14.0,13.69,13.85,1.47
2019-11-14,13.66,13.66,13.28,13.42,-3.1
2019-11-15,13.27,13.39,13.11,13.11,-2.31
2019-11-18,13.78,13.78,13.34,13.34,1.75
2019-11-19,13.5,13.81,13.46,13.52,1.35
2019-11-20,13.85,14.18,13.74,14.11,4.36
2019-11-21,14.39,15.38,14.39,14.52,2.91
2019-11-22,14.49,14.58,13.81,13.88,-4.41
2019-11-25,14.05,14.09,13.75,13.91,0.22
2019-11-26,13.97,14.28,13.45,14.21,2.16
2019-11-27,14.33,14.44,13.75,13.85,-2.53
2019-11-28,14.09,14.19,13.77,13.77,-0.58
2019-11-29,13.94,14.36,13.79,13.96,1.38
2019-12-02,14.03,14.14,13.81,13.96,0.0
2019-12-03,14.68,14.74,14.1,14.26,2.15
2019-12-04,14.64,14.83,14.34,14.37,0.77
2019-12-05,14.05,14.95,13.98,14.55,1.25
2019-12-06,14.34,14.36,13.81,13.91,-4.4
2019-12-09,14.03,14.11,13.5,13.61,-2.16
2019-12-10,13.73,13.75,13.33,13.33,-2.06
2019-12-11,13.42,13.54,13.12,13.4,0.53
2019-12-12,13.32,13.71,13.28,13.39,-0.07
2019-12-13,13.65,13.69,12.91,13.12,-2.02
2019-12-16,13.49,13.55,13.22,13.27,1.14
2019-12-17,13.07,13.17,12.82,13.05,-1.66
2019-12-18,13.14,13.28,12.96,13.01,-0.31
2019-12-19,13.2,13.21,12.93,13.2,1.46
2019-12-20,13.21,13.48,13.05,13.08,-0.91
2019-12-23,13.57,14.05,13.57,13.97,6.8
2019-12-24,14.16,14.23,13.81,13.81,-1.15
2019-12-26,14.11,14.2,14.03,14.15,2.46
2019-12-27,14.36,14.72,14.13,14.13,-0.14
2019-12-30,14.86,15.0,14.69,14.69,3.96
2020-01-02,15.33,15.64,15.12,15.4,4.83
2020-01-03,15.34,16.18,15.17,15.88,3.12
2020-01-06,16.54,16.54,15.84,15.88,0.0
2020-01-07,15.44,15.45,14.92,15.08,-5.04
2020-01-08,16.3,17.07,15.57,15.97,5.9
2020-01-09,14.62,14.78,13.58,13.58,-14.97
2020-01-10,13.46,13.46,12.81,12.81,-5.67
2020-01-13,13.23,13.31,12.95,13.26,3.51
2020-01-14,13.3,13.48,13.09,13.41,1.13
2020-01-15,13.65,13.69,13.3,13.37,-0.3
2020-01-16,13.44,13.71,13.25,13.58,1.57
2020-01-17,13.6,13.83,13.5,13.6,0.15
2020-01-20,13.93,14.04,13.62,13.64,0.29
2020-01-21,13.84,14.41,13.81,14.41,5.65
2020-01-22,14.43,14.46,14.2,14.29,-0.83
2020-01-23,14.88,15.47,14.87,15.3,7.07
2020-01-28,17.48,19.05,17.41,18.32,19.74
2020-01-29,17.9,18.32,16.48,16.99,-7.26
2020-01-30,17.18,18.49,16.89,18.38,8.18
2020-01-31,17.97,19.56,17.56,19.29,4.95
2020-02-03,21.61,21.72,19.17,19.32,0.16
2020-02-04,18.75,18.84,18.1,18.39,-4.81
2020-02-05,18.01,18.55,17.77,18.23,-0.87
2020-02-06,17.58,17.97,17.25,17.81,-2.3
2020-02-07,17.7,18.2,17.53,17.53,-1.57
2020-02-10,18.89,19.01,18.16,18.22,3.94
2020-02-11,17.61,18.64,17.39,18.16,-0.33
2020-02-12,18.19,18.27,16.78,16.95,-6.66
2020-02-13,16.65,17.09,16.27,16.68,-1.59
2020-02-14,16.92,17.13,16.76,16.85,1.02
2020-02-17,17.6,17.67,16.99,17.16,1.84
2020-02-18,17.64,18.3,17.56,18.25,6.35
2020-02-19,17.99,18.64,17.9,18.19,-0.33
2020-02-20,18.07,19.17,17.72,18.24,0.27
2020-02-21,19.35,19.8,19.15,19.8,8.55
2020-02-24,22.81,23.74,22.67,23.65,19.44
2020-02-25,23.73,24.32,22.64,22.72,-3.93
2020-02-26,25.15,25.33,24.36,25.1,10.48
2020-02-27,25.48,27.62,25.24,26.84,6.93
2020-02-28,32.1,34.13,30.62,33.81,25.97
2020-03-02,35.08,36.76,31.89,32.66,-3.4
2020-03-03,28.89,29.92,27.84,29.49,-9.71
2020-03-04,29.23,29.24,26.6,26.76,-9.26
2020-03-05,25.73,25.73,23.42,23.66,-11.58
2020-03-06,26.43,28.0,26.13,27.47,16.1
2020-03-09,33.05,36.91,32.75,36.21,31.82
2020-03-10,36.82,37.15,34.48,34.8,-3.89
2020-03-11,34.51,38.27,34.47,37.6,8.05
2020-03-12,38.45,47.71,38.23,43.07,14.55
2020-03-13,51.07,60.71,48.86,53.86,25.05
2020-03-16,57.76,64.68,55.33,64.56,19.87
2020-03-17,67.88,70.51,61.79,64.49,-0.11
2020-03-18,62.22,62.8,57.58,62.8,-2.62
2020-03-19,62.7,71.75,60.8,69.24,10.25
2020-03-20,71.29,71.29,60.29,60.73,-12.29
2020-03-23,66.07,68.37,62.08,62.5,2.91
2020-03-24,62.09,62.13,53.39,53.78,-13.95
2020-03-25,53.38,53.38,49.28,49.32,-8.29
2020-03-26,50.79,53.01,50.05,52.76,6.97
2020-03-27,50.97,56.07,50.56,54.62,3.53
2020-03-30,55.88,57.11,53.79,54.83,0.38
2020-03-31,52.83,52.9,48.34,48.55,-11.45
2020-04-01,47.52,50.1,42.8,50.0,2.99
2020-04-02,50.15,50.65,47.24,47.24,-5.52
2020-04-03,46.32,46.8,45.0,45.34,-4.02
2020-04-06,44.15,44.15,37.97,38.26,-15.62
2020-04-07,36.33,38.41,35.89,36.14,-5.54
2020-04-08,37.46,40.11,37.24,40.05,10.82
2020-04-09,38.53,39.87,35.55,35.55,-11.24
2020-04-10,37.03,37.03,35.41,35.84,0.82
2020-04-13,38.24,39.92,38.02,39.69,10.74
2020-04-14,38.29,38.36,35.96,36.04,-9.2
2020-04-16,37.35,38.18,34.82,34.82,-3.39
2020-04-17,31.95,31.95,30.83,31.44,-9.71
2020-04-20,33.21,33.47,32.43,33.29,5.88
2020-04-21,34.7,41.74,34.25,36.53,9.73
2020-04-22,39.15,39.8,36.12,36.55,0.05
2020-04-23,35.91,36.39,34.45,34.46,-5.72
2020-04-24,35.93,37.77,35.83,37.54,8.94
2020-04-27,37.01,37.02,35.0,35.15,-6.37
2020-04-28,34.56,34.94,32.63,32.64,-7.14
2020-04-29,32.96,32.99,30.45,30.51,-6.53
2020-05-04,35.84,36.48,34.98,36.36,19.17
2020-05-06,34.26,35.13,31.81,31.81,-12.51
2020-05-07,32.57,32.67,30.55,31.31,-1.57
2020-05-08,29.77,29.77,28.47,28.77,-8.11
2020-05-11,28.18,29.6,27.65,29.33,1.95
2020-05-12,29.67,30.73,27.15,27.79,-5.25
2020-05-13,29.4,29.4,25.7,25.75,-7.34
2020-05-14,27.74,27.87,26.77,26.79,4.04
2020-05-15,26.38,27.83,26.35,26.96,0.63
2020-05-18,28.37,28.54,26.9,27.04,0.3
2020-05-19,25.5,25.64,24.92,25.0,-7.54
2020-05-20,25.33,25.43,24.7,24.85,-0.6
2020-05-21,24.13,24.19,23.48,23.57,-5.15
2020-05-22,24.07,28.09,23.95,27.74,17.69
2020-05-25,27.38,27.9,25.27,25.27,-8.9
2020-05-26,25.14,25.29,23.7,23.8,-5.82
2020-05-27,24.53,24.69,23.95,24.47,2.82
2020-05-28,23.95,26.11,23.88,25.24,3.15
2020-05-29,26.45,26.99,25.59,25.64,1.58
2020-06-01,26.28,26.37,24.84,24.94,-2.73
2020-06-02,25.44,25.62,24.96,25.0,0.24
2020-06-03,24.8,26.44,24.79,25.74,2.96
2020-06-04,26.36,27.04,25.58,25.69,-0.19
2020-06-05,25.73,25.83,25.01,25.45,-0.93
2020-06-08,26.27,27.66,26.21,27.4,7.66
2020-06-09,26.75,27.6,26.08,26.53,-3.18
2020-06-10,26.41,26.55,25.93,26.06,-1.77
2020-06-11,26.08,27.67,25.45,26.79,2.8
2020-06-12,33.2,34.44,31.16,32.88,22.73
2020-06-15,33.92,39.84,32.91,39.69,20.71
2020-06-16,35.8,35.9,34.69,35.9,-9.55
2020-06-17,36.17,38.6,36.17,37.05,3.2
2020-06-18,37.94,38.44,37.27,37.3,0.67
2020-06-19,38.01,38.4,33.53,34.04,-8.74
2020-06-22,35.39,35.52,32.79,34.03,-0.03
2020-06-23,31.8,34.52,31.1,31.73,-6.76
2020-06-24,31.35,31.35,30.03,30.2,-4.82
2020-06-25,31.86,33.2,31.65,33.12,9.67
2020-06-26,32.14,32.14,30.06,30.56,-7.73
2020-06-29,32.76,33.78,32.06,33.58,9.88
2020-06-30,31.54,31.55,30.14,31.07,-7.47
2020-07-01,29.96,30.07,28.97,29.9,-3.77
2020-07-02,29.04,29.08,27.45,27.45,-8.19
2020-07-03,27.04,27.05,24.69,24.78,-9.73
2020-07-06,24.64,24.65,23.71,24.02,-3.07
2020-07-07,23.62,25.07,23.62,24.85,3.46
2020-07-08,24.77,25.1,24.33,25.04,0.76
2020-07-09,24.22,24.29,23.19,23.38,-6.63
2020-07-10,24.56,24.96,23.73,24.83,6.2
2020-07-13,24.2,24.25,23.4,23.63,-4.83
2020-07-14,24.44,25.18,24.3,24.45,3.47
2020-07-15,23.35,24.05,23.35,23.63,-3.35
2020-07-16,23.64,23.85,23.14,23.48,-0.63
2020-07-17,22.9,23.12,22.3,22.34,-4.86
2020-07-20,22.98,23.14,22.3,22.37,0.13
2020-07-21,21.58,21.61,21.06,21.09,-5.72
2020-07-22,21.09,21.14,20.74,20.82,-1.28
2020-07-23,21.23,21.73,20.77,21.0,0.86
2020-07-24,21.43,22.61,21.36,22.5,7.14
2020-07-27,22.83,23.15,22.75,22.96,2.04
2020-07-28,22.66,23.03,22.39,22.92,-0.17
2020-07-29,23.21,23.63,23.19,23.33,1.79
2020-07-30,23.27,23.27,22.72,22.91,-1.8
2020-07-31,23.34,23.7,22.94,23.57,2.88
2020-08-03,24.26,24.27,23.48,23.52,-0.21
2020-08-04,22.99,23.28,22.4,22.42,-4.68
2020-08-05,22.17,22.19,21.57,21.58,-3.75
2020-08-06,21.74,22.42,21.66,22.06,2.22
2020-08-07,22.02,22.57,21.87,22.07,0.05
2020-08-10,22.77,22.98,22.54,22.94,3.94
2020-08-11,22.75,23.08,22.58,22.98,0.17
2020-08-12,23.14,23.63,22.82,22.86,-0.52
2020-08-13,22.61,22.66,21.96,22.12,-3.24
2020-08-14,22.14,23.51,22.1,22.58,2.08
2020-08-18,23.22,25.68,23.0,25.21,11.65
2020-08-19,24.16,24.69,23.93,24.38,-3.29
2020-08-20,24.96,28.22,24.66,28.18,15.59
2020-08-21,26.15,27.35,25.74,26.89,-4.58
2020-08-24,28.19,28.23,26.44,26.44,-1.67
2020-08-25,26.39,26.39,24.55,24.63,-6.85
2020-08-26,24.76,25.98,24.74,25.44,3.29
2020-08-27,26.1,27.23,25.87,27.22,7.0
2020-08-28,26.95,26.98,25.89,26.4,-3.01
2020-08-31,26.07,27.81,26.07,27.77,5.19
2020-09-01,27.21,28.08,27.17,27.59,-0.65
2020-09-02,27.12,27.2,26.23,26.26,-4.82
2020-09-03,25.73,25.73,25.05,25.3,-3.66
2020-09-04,28.26,28.54,27.22,27.83,10.0
2020-09-07,27.83,27.93,25.85,25.85,-7.11
2020-09-08,25.01,25.29,23.87,23.87,-7.66
2020-09-09,25.84,26.03,24.21,24.73,3.6
2020-09-10,23.27,23.27,22.01,22.14,-10.47
2020-09-11,22.62,22.82,21.55,21.68,-2.08
2020-09-14,21.61,21.77,21.2,21.28,-1.85
2020-09-15,21.31,21.56,20.9,20.97,-1.46
2020-09-16,21.21,21.27,20.73,21.05,0.38
2020-09-17,21.31,22.31,21.3,22.31,5.99
2020-09-18,21.83,22.51,21.59,21.59,-3.23
2020-09-21,22.68,23.52,22.22,23.31,7.97
2020-09-22,23.62,25.6,23.59,25.2,8.11
2020-09-23,24.61,26.55,24.57,24.64,-2.22
2020-09-24,26.33,27.56,26.33,27.21,10.43
2020-09-25,26.46,27.15,26.13,26.13,-3.97
2020-09-28,26.32,26.38,25.01,25.01,-4.29
2020-09-29,24.73,24.75,24.11,24.15,-3.44
2020-10-05,25.32,25.49,23.81,23.87,-1.16
2020-10-06,23.1,23.12,22.18,22.29,-6.62
2020-10-07,22.81,22.87,21.55,21.55,-3.32
2020-10-08,20.99,21.91,20.99,21.0,-2.55
2020-10-12,21.32,21.34,20.36,20.36,-3.05
2020-10-13,20.07,21.24,20.07,20.34,-0.1
2020-10-14,20.5,21.33,20.43,20.97,3.1
2020-10-15,21.25,22.0,21.17,21.47,2.38
2020-10-16,21.21,22.76,21.2,22.03,2.61
2020-10-19,22.31,22.55,21.89,22.51,2.18
2020-10-20,22.79,23.47,22.18,22.18,-1.47
2020-10-21,22.33,22.62,21.88,21.88,-1.35
2020-10-22,22.88,23.23,22.52,22.54,3.02
2020-10-23,22.52,22.96,21.88,21.9,-2.84
2020-10-26,22.72,22.96,22.5,22.94,4.75
2020-10-27,23.83,23.84,23.25,23.58,2.79
2020-10-28,23.98,24.31,23.22,23.29,-1.23
2020-10-29,25.39,27.1,25.28,25.9,11.21
2020-10-30,26.99,32.3,26.94,31.97,23.44
2020-11-02,31.83,31.83,28.54,28.65,-10.38
2020-11-03,27.74,27.74,26.27,26.54,-7.36
2020-11-04,25.43,26.46,24.38,24.75,-6.74
2020-11-05,23.09,23.09,22.03,22.16,-10.46
2020-11-06,21.62,22.01,21.56,21.74,-1.9
2020-11-09,21.58,21.74,21.1,21.58,-0.74
2020-11-10,21.65,21.98,21.0,21.02,-2.59
2020-11-11,20.51,20.9,20.45,20.68,-1.62
2020-11-12,20.47,20.52,19.84,19.85,-4.01
2020-11-13,20.32,20.5,19.76,19.77,-0.4
2020-11-16,20.48,20.91,20.42,20.5,3.69
2020-11-17,20.43,20.43,19.47,19.72,-3.8
2020-11-18,19.64,19.75,19.24,19.63,-0.46
2020-11-19,19.93,20.0,19.38,19.41,-1.12
2020-11-20,19.61,19.66,19.09,19.21,-1.03
2020-11-23,19.54,20.03,19.35,19.79,3.02
2020-11-24,19.54,19.81,19.26,19.81,0.1
2020-11-25,19.9,21.13,19.88,20.82,5.1
2020-11-26,20.76,20.77,19.87,20.0,-3.94
2020-11-27,20.15,20.19,19.66,19.66,-1.7
2020-11-30,20.35,20.85,20.34,20.77,5.65
2020-12-01,20.55,20.71,20.1,20.21,-2.7
2020-12-02,20.54,20.57,20.13,20.18,-0.15
2020-12-03,20.17,20.2,19.86,20.02,-0.79
2020-12-04,20.27,21.31,20.19,21.01,4.95
2020-12-07,21.69,21.72,21.11,21.3,1.38
2020-12-08,21.31,21.35,20.6,20.7,-2.82
2020-12-09,20.63,20.63,20.07,20.15,-2.66
2020-12-10,20.72,20.87,19.92,20.03,-0.6
2020-12-11,19.67,19.97,19.48,19.85,-0.9
2020-12-14,20.89,21.29,20.8,21.25,7.05
2020-12-15,21.74,22.08,21.0,21.27,0.09
2020-12-16,20.93,20.93,20.35,20.4,-4.09
2020-12-17,20.36,20.4,19.75,19.85,-2.7
2020-12-18,19.78,19.87,19.53,19.57,-1.41
2020-12-21,20.56,21.13,20.39,20.54,4.96
2020-12-22,21.18,23.0,21.1,22.85,11.25
2020-12-23,22.13,22.84,21.52,21.52,-5.82
2020-12-24,21.12,22.12,20.68,21.53,0.05
2020-12-28,22.88,23.21,22.76,23.14,7.48
2020-12-29,22.95,23.26,21.62,21.63,-6.53
2020-12-30,21.83,22.43,21.63,22.09,2.13
2021-01-04,24.08,25.05,24.01,24.81,12.31
2021-01-05,25.54,26.75,25.54,26.22,5.68
2021-01-06,27.01,28.28,26.77,27.6,5.26
2021-01-07,27.41,27.41,26.05,26.75,-3.08
2021-01-08,26.75,29.32,26.54,29.18,9.08
2021-01-11,29.63,36.58,29.45,35.65,22.17
2021-01-12,35.99,36.57,33.81,34.95,-1.96
2021-01-13,34.51,34.61,31.97,32.0,-8.44
2021-01-14,31.79,32.03,29.44,29.68,-7.25
2021-01-15,29.17,31.73,28.14,31.56,6.33
2021-01-18,32.62,33.65,32.2,33.18,5.13
2021-01-19,33.1,35.48,31.62,34.08,2.71
2021-01-20,33.66,34.93,33.2,33.32,-2.23
2021-01-21,32.53,32.53,30.35,30.63,-8.07
2021-01-22,30.32,30.32,28.63,29.36,-4.15
2021-01-25,29.46,29.52,28.79,28.97,-1.33
2021-01-26,29.22,30.81,28.96,29.99,3.52
2021-01-27,29.7,30.42,29.39,29.41,-1.93
2021-01-28,31.72,33.86,31.69,33.09,12.51
2021-01-29,32.59,37.04,32.19,35.73,7.98
2021-02-01,37.44,37.5,34.13,34.16,-4.39
2021-02-02,33.4,34.96,33.32,33.4,-2.22
2021-02-03,33.15,33.16,31.24,31.29,-6.32
2021-02-04,31.83,33.25,31.77,32.06,2.46
2021-02-05,31.38,31.96,28.55,28.65,-10.64
2021-02-08,29.73,29.73,27.02,27.33,-4.61
2021-02-09,26.88,26.88,24.75,25.21,-7.76
2021-02-10,25.16,27.04,24.51,26.43,4.84
2021-02-15,27.26,27.29,26.01,26.22,-0.79
2021-02-16,26.35,26.47,25.08,25.08,-4.35
2021-02-17,25.62,26.72,25.52,25.58,1.99
2021-02-18,25.85,26.41,25.21,26.1,2.03
2021-02-19,26.46,29.15,26.29,26.86,2.91
2021-02-22,27.36,28.01,26.76,27.64,2.9
2021-02-23,28.07,29.22,26.98,27.16,-1.74
2021-02-24,27.67,29.23,26.94,28.93,6.52
2021-02-25,27.82,28.14,27.25,27.92,-3.49
2021-02-26,30.3,32.99,30.3,31.34,12.25
2021-03-02,30.35,31.91,29.71,30.97,-1.18
2021-03-03,31.41,31.42,28.27,28.31,-8.59
2021-03-04,29.26,30.66,29.05,29.5,4.2
2021-03-05,30.91,31.43,29.05,29.09,-1.39
2021-03-08,29.52,29.65,27.73,29.48,1.34
2021-03-09,29.41,32.36,29.33,29.78,1.02
2021-03-10,28.48,29.66,28.35,28.85,-3.12
2021-03-11,27.61,27.78,26.45,26.45,-8.32
2021-03-12,26.22,26.32,25.48,25.64,-3.06
2021-03-15,26.34,26.34,25.61,25.9,1.01
2021-03-16,25.36,25.48,24.27,24.28,-6.25
2021-03-17,24.42,25.56,24.41,24.53,1.03
2021-03-18,23.71,23.71,22.69,22.69,-7.5
2021-03-19,23.85,24.18,23.31,23.61,4.05
2021-03-22,24.16,24.47,23.68,23.7,0.38
2021-03-23,22.92,23.42,22.77,23.19,-2.15
2021-03-24,23.76,23.8,22.71,22.71,-2.07
2021-03-25,22.92,22.94,21.58,21.69,-4.49
2021-03-26,21.29,21.31,20.36,20.36,-6.13
2021-03-29,21.31,21.36,20.41,21.01,3.19
2021-03-30,20.92,21.0,20.5,20.64,-1.76
2021-03-31,20.48,20.65,20.2,20.44,-0.97
2021-04-01,20.19,20.49,19.88,19.88,-2.74
2021-04-02,20.13,20.19,19.51,19.51,-1.86
2021-04-05,19.64,19.7,18.83,18.97,-2.77
2021-04-06,18.87,18.87,18.27,18.34,-3.32
2021-04-07,17.87,18.04,17.45,17.45,-4.85
2021-04-08,17.17,17.2,16.08,16.19,-7.22
2021-04-09,16.3,17.37,16.3,16.69,3.09
2021-04-12,17.38,17.39,16.54,16.54,-0.9
2021-04-13,16.5,17.11,16.27,17.11,3.45
2021-04-14,16.73,16.9,16.3,16.49,-3.62
2021-04-15,16.56,17.61,16.49,17.6,6.73
2021-04-16,17.85,18.37,17.6,17.61,0.06
2021-04-19,18.43,18.53,18.03,18.04,2.44
2021-04-20,18.38,18.39,17.89,17.96,-0.44
2021-04-21,18.39,19.46,18.28,18.95,5.51
2021-04-22,18.55,18.64,17.67,17.86,-5.75
2021-04-23,18.79,18.79,18.07,18.33,2.63
2021-04-26,18.7,18.71,18.26,18.36,0.16
2021-04-27,18.48,18.64,18.09,18.1,-1.42
2021-04-28,18.28,19.29,18.26,18.92,4.53
2021-04-29,18.21,19.13,18.05,18.92,0.0
2021-04-30,19.13,19.94,18.65,18.84,-0.42
2021-05-03,19.25,19.25,18.03,18.09,-3.98
2021-05-04,18.09,18.1,16.89,16.89,-6.63
2021-05-06,17.32,17.33,16.72,17.0,0.65
2021-05-07,16.95,16.95,16.4,16.43,-3.35
2021-05-10,16.83,17.34,16.26,17.34,5.54
2021-05-11,17.9,21.51,17.87,20.0,15.34
2021-05-12,20.09,24.74,19.84,22.17,10.85
2021-05-13,23.81,23.81,21.42,21.9,-1.22
2021-05-14,20.15,20.34,18.84,19.32,-11.78
2021-05-17,18.92,20.06,18.88,19.29,-0.16
2021-05-18,18.99,19.01,18.19,18.23,-5.5
2021-05-20,19.11,20.04,19.03,19.12,4.88
2021-05-21,18.7,21.68,18.63,20.09,5.07
2021-05-24,20.66,21.02,20.42,20.59,2.49
2021-05-25,20.06,20.18,18.99,18.99,-7.77
2021-05-26,19.03,19.03,18.47,18.68,-1.63
2021-05-27,18.45,19.02,18.04,18.29,-2.09
2021-05-28,17.9,17.9,17.0,17.31,-5.36
2021-05-31,17.81,17.81,17.04,17.04,-1.56
2021-06-01,16.84,16.84,16.44,16.48,-3.29
2021-06-02,16.73,16.76,16.52,16.63,0.91
2021-06-03,16.62,17.71,16.61,17.48,5.11
2021-06-04,17.85,17.91,17.26,17.43,-0.29
2021-06-07,17.56,17.61,16.98,17.04,-2.24
2021-06-08,16.73,16.75,16.14,16.24,-4.69
2021-06-09,16.27,16.6,15.85,16.58,2.09
2021-06-10,16.34,16.34,15.37,15.44,-6.88
2021-06-11,15.2,15.29,14.5,14.51,-6.02
2021-06-14,15.14,15.15,14.45,14.46,-0.34
2021-06-15,14.68,14.75,14.33,14.33,-0.9
2021-06-16,14.8,15.02,14.62,14.7,2.58
2021-06-17,15.21,15.38,14.9,14.98,1.9
2021-06-18,14.97,14.97,14.53,14.62,-2.4
2021-06-21,16.04,17.07,15.97,16.28,11.35
2021-06-22,15.38,15.4,15.02,15.11,-7.19
2021-06-23,14.86,15.02,14.72,14.75,-2.38
2021-06-24,14.74,14.96,14.66,14.84,0.61
2021-06-25,14.84,15.13,14.7,14.82,-0.13
2021-06-28,15.28,15.29,14.8,14.8,-0.13
2021-06-29,14.78,14.8,14.51,14.52,-1.89
2021-06-30,14.3,14.31,14.04,14.17,-2.41
2021-07-01,14.32,14.51,14.24,14.33,1.13
2021-07-02,14.19,14.19,13.63,13.74,-4.12
2021-07-05,13.54,13.54,12.96,13.11,-4.59
2021-07-06,12.8,12.89,12.65,12.71,-3.05
2021-07-07,13.09,13.76,13.08,13.29,4.56
2021-07-08,12.79,14.19,12.68,14.19,6.77
2021-07-09,14.99,17.07,14.96,15.12,6.55
2021-07-12,14.35,14.38,13.61,13.62,-9.92
2021-07-13,12.83,12.85,12.51,12.55,-7.86
2021-07-14,13.07,13.19,12.74,12.97,3.35
2021-07-15,13.02,13.36,12.87,13.04,0.54
2021-07-16,13.55,13.83,13.23,13.23,1.46
2021-07-19,15.07,15.75,14.96,15.25,15.27
2021-07-20,16.5,16.53,15.68,15.68,2.82
2021-07-21,15.14,16.16,15.04,16.12,2.81
2021-07-22,15.02,15.02,14.48,14.6,-9.43
2021-07-23,14.74,14.74,14.29,14.42,-1.23
2021-07-26,15.28,16.16,15.25,16.05,11.3
2021-07-27,15.46,15.88,15.25,15.75,-1.87
2021-07-28,16.21,16.97,15.86,16.11,2.29
2021-07-29,15.78,16.14,15.56,15.58,-3.29
2021-07-30,16.21,17.31,16.19,17.3,11.04
2021-08-02,16.95,16.96,15.77,15.77,-8.84
2021-08-03,15.52,15.57,14.78,14.78,-6.28
2021-08-04,14.54,15.09,14.02,14.77,-0.07
2021-08-05,14.96,14.96,14.39,14.53,-1.62
2021-08-06,14.68,14.71,14.18,14.18,-2.41
2021-08-09,14.87,14.95,14.14,14.28,0.71
2021-08-10,14.28,15.19,14.2,14.52,1.68
2021-08-11,14.71,15.26,14.38,15.12,4.13
2021-08-12,14.63,14.83,13.93,14.09,-6.81
2021-08-13,14.7,17.29,14.7,15.45,9.65
2021-08-17,15.8,16.9,15.53,16.34,5.76
2021-08-18,16.81,17.2,15.13,15.48,-5.26
2021-08-19,16.14,17.91,15.82,17.82,15.12
2021-08-20,17.86,20.08,17.34,18.92,6.17
2021-08-23,18.34,18.54,16.99,17.29,-8.62
2021-08-24,16.19,16.19,15.59,15.62,-9.66
2021-08-25,15.39,15.97,15.27,15.48,-0.9
2021-08-26,15.44,16.31,15.43,16.15,4.33
2021-08-27,16.67,17.07,16.1,16.17,0.12
2021-08-30,15.61,16.16,15.61,15.88,-1.79
2021-08-31,16.01,16.13,14.75,14.76,-7.05
2021-09-01,15.17,15.31,14.87,14.96,1.36
2021-09-02,15.21,15.86,15.18,15.25,1.94
2021-09-03,15.07,15.14,14.61,14.62,-4.13
2021-09-06,14.57,14.76,14.23,14.24,-2.6
2021-09-07,14.3,14.67,14.17,14.18,-0.42
2021-09-08,14.48,15.33,14.21,14.73,3.88
2021-09-09,14.87,16.45,14.59,16.02,8.76
2021-09-10,15.68,15.95,15.1,15.18,-5.24
2021-09-13,15.78,15.97,15.16,15.28,0.66
2021-09-14,14.69,14.81,14.46,14.67,-3.99
2021-09-15,14.85,15.12,14.61,14.66,-0.07
2021-09-16,15.08,15.82,14.96,15.44,5.32
2021-09-17,16.06,16.13,15.17,15.48,0.26
2021-09-23,16.95,17.22,16.54,16.72,8.01
2021-09-24,16.45,16.48,16.01,16.33,-2.33
2021-09-27,16.68,16.69,15.87,15.92,-2.51
2021-09-28,16.09,16.55,16.05,16.45,3.33
2021-09-29,17.79,19.34,17.46,17.87,8.63
2021-09-30,17.96,18.07,17.22,17.35,-2.91
2021-10-01,18.05,19.65,18.02,18.91,8.99
2021-10-05,20.71,22.98,20.56,21.22,12.22
2021-10-06,21.24,22.06,20.28,21.84,2.92
2021-10-07,21.12,21.44,20.53,20.54,-5.95
2021-10-08,20.17,20.61,19.81,20.47,-0.34
2021-10-12,22.11,22.63,21.61,22.4,9.43
2021-10-13,21.87,21.91,20.48,20.54,-8.3
2021-10-14,19.45,19.57,18.16,18.21,-11.34
2021-10-15,17.25,17.97,17.02,17.03,-6.48
2021-10-18,18.89,18.93,17.66,18.01,5.75
2021-10-19,17.41,17.76,17.17,17.24,-4.28
2021-10-20,17.11,17.76,16.89,17.73,2.84
2021-10-21,17.81,17.87,17.24,17.68,-0.28
2021-10-22,17.89,17.89,17.14,17.2,-2.71
2021-10-25,18.5,18.53,17.03,17.03,-0.99
2021-10-26,16.51,16.53,16.01,16.11,-5.4
2021-10-27,16.5,17.03,16.48,16.88,4.78
2021-10-28,17.01,17.09,16.58,17.09,1.24
2021-10-29,17.07,18.85,17.03,18.55,8.54
2021-11-01,18.46,18.46,17.92,18.33,-1.19
2021-11-02,17.6,17.64,16.82,17.28,-5.73
2021-11-03,17.69,18.55,17.4,18.36,6.25
2021-11-04,17.33,17.8,17.13,17.6,-4.14
2021-11-05,17.93,18.42,17.52,18.02,2.39
2021-11-08,19.12,19.38,18.12,18.24,1.22
2021-11-09,17.77,18.57,17.75,18.0,-1.32
2021-11-10,18.3,18.46,17.79,18.19,1.06
2021-11-11,18.31,18.43,16.98,16.98,-6.65
2021-11-12,16.47,16.54,16.15,16.18,-4.71
2021-11-15,16.12,16.14,15.9,15.9,-1.73
2021-11-16,16.2,16.31,15.92,15.97,0.44
2021-11-17,16.18,16.71,16.17,16.51,3.38
2021-11-18,16.72,17.09,16.54,16.74,1.39
2021-11-19,16.54,16.86,16.25,16.25,-2.93
2021-11-22,16.26,16.52,16.14,16.17,-0.49
2021-11-23,16.43,16.52,16.35,16.5,2.04
2021-11-24,16.34,16.7,16.19,16.27,-1.39
2021-11-25,16.45,16.49,16.16,16.16,-0.68
2021-11-26,16.38,18.25,16.38,18.04,11.63
2021-11-29,20.71,21.41,19.94,20.92,15.96
2021-11-30,18.93,24.98,18.76,23.23,11.04
2021-12-01,22.07,22.93,20.57,20.57,-11.45
2021-12-02,21.65,22.04,20.84,21.02,2.19
2021-12-03,21.51,21.52,20.01,20.09,-4.42
2021-12-06,21.49,21.69,20.44,20.91,4.08
2021-12-07,20.85,20.99,18.43,18.48,-11.62
2021-12-08,17.16,18.34,17.07,17.69,-4.27
2021-12-09,16.95,17.01,16.27,16.65,-5.88
2021-12-10,17.02,17.41,16.83,17.39,4.44
2021-12-13,17.19,18.1,16.92,18.0,3.51
2021-12-14,18.45,18.88,18.07,18.4,2.22
2021-12-15,18.8,18.98,18.28,18.43,0.16
2021-12-16,17.09,17.67,16.97,16.98,-7.87
2021-12-17,17.43,17.48,16.98,17.02,0.24
2021-12-20,18.39,19.55,18.22,19.52,14.69
2021-12-21,18.43,19.11,18.12,18.32,-6.15
2021-12-22,17.51,17.82,17.42,17.42,-4.91
2021-12-23,17.24,17.28,16.89,16.93,-2.81
2021-12-24,16.58,16.69,16.47,16.5,-2.54
2021-12-27,17.29,17.6,17.18,17.46,5.82
2021-12-28,17.76,17.78,16.94,17.07,-2.23
2021-12-29,16.95,16.98,16.48,16.55,-3.05
2021-12-30,16.53,16.66,16.33,16.5,-0.3
2022-01-03,16.63,16.9,16.38,16.57,0.42
2022-01-04,16.59,16.65,16.0,16.0,-3.44
2022-01-05,16.11,16.94,16.06,16.58,3.63
2022-01-06,17.07,17.58,16.7,17.52,5.67
2022-01-07,16.78,17.4,16.35,16.99,-3.03
2022-01-10,18.03,18.26,17.26,17.41,2.47
2022-01-11,16.78,17.61,16.75,17.27,-0.8
2022-01-12,16.21,16.32,15.78,15.91,-7.87
2022-01-13,15.55,15.96,15.35,15.96,0.31
2022-01-14,17.01,17.66,16.78,16.97,6.33
2022-01-17,17.77,18.23,17.52,17.53,3.3
2022-01-18,17.77,18.53,17.27,18.16,3.59
2022-01-19,18.8,19.04,18.24,18.76,3.3
2022-01-20,18.8,18.84,17.97,17.99,-4.1
2022-01-21,19.2,20.44,19.04,19.36,7.62
2022-01-24,20.77,22.19,20.77,21.48,10.95
2022-01-25,23.35,27.65,23.33,26.26,22.25
2022-01-26,25.31,25.84,24.44,24.83,-5.45
2022-01-27,24.62,28.73,24.43,27.94,12.53
2022-01-28,26.17,27.18,23.74,23.97,-14.21
2022-02-03,22.33,23.17,21.23,22.92,-4.38
2022-02-04,21.95,22.73,20.95,21.02,-8.29
2022-02-07,22.47,22.71,21.59,21.59,2.71
2022-02-08,20.64,21.76,20.43,21.06,-2.45
2022-02-09,19.89,20.08,19.59,19.68,-6.55
2022-02-10,18.95,19.43,18.75,19.21,-2.39
2022-02-11,20.61,21.05,19.95,20.92,8.9
2022-02-14,23.3,24.65,23.28,23.84,13.96
2022-02-15,23.99,25.26,23.46,24.62,3.27
2022-02-16,22.49,22.52,21.93,21.94,-10.89
2022-02-17,21.57,23.96,20.82,23.28,6.11
2022-02-18,24.56,25.27,23.56,23.68,1.72
2022-02-21,26.03,26.1,23.79,23.79,0.46
2022-02-22,25.53,26.39,24.85,25.34,6.52
2022-02-23,24.52,24.77,23.81,24.07,-5.01
2022-02-24,25.2,28.09,25.17,27.09,12.55
2022-02-25,25.19,25.22,23.83,23.84,-12.0
2022-02-28,25.34,25.64,24.38,24.41,2.39
2022-03-02,24.93,25.21,24.51,24.89,1.97
2022-03-03,23.27,23.37,22.65,22.73,-8.68
2022-03-04,23.63,25.7,23.58,24.57,8.1
2022-03-07,27.42,28.99,27.24,27.84,13.31
2022-03-08,29.27,29.3,27.92,28.95,3.99
2022-03-10,25.14,26.08,24.64,25.71,-11.19
2022-03-11,24.33,25.7,23.76,24.41,-5.06
2022-03-14,24.6,25.22,24.14,24.7,1.19
2022-03-15,25.15,26.38,24.92,25.77,4.33
2022-03-16,24.95,25.51,23.52,23.74,-7.88
2022-03-17,21.44,23.27,21.34,22.55,-5.01
2022-03-18,22.58,22.79,21.92,21.93,-2.75
2022-03-21,22.51,22.8,22.22,22.4,2.14
2022-03-22,22.08,22.08,20.93,21.03,-6.12
2022-03-23,19.64,20.15,19.5,19.61,-6.75
2022-03-24,20.08,20.41,19.58,19.73,0.61
2022-03-25,19.8,19.93,19.35,19.62,-0.56
2022-03-28,20.35,20.4,19.6,19.6,-0.1
2022-03-29,18.87,19.26,18.75,18.75,-4.34
2022-03-30,17.95,18.21,17.83,17.88,-4.64
2022-03-31,17.92,17.95,17.05,17.14,-4.14
2022-04-01,17.69,17.69,17.05,17.07,-0.41
2022-04-04,17.53,17.54,16.48,16.49,-3.4
2022-04-05,16.3,16.52,15.91,15.91,-3.52
2022-04-06,16.73,17.06,16.53,16.79,5.53
2022-04-07,17.29,18.33,17.27,17.78,5.9
2022-04-08,17.3,17.73,17.1,17.1,-3.82
2022-04-11,17.86,17.91,17.19,17.57,2.75
2022-04-12,18.02,18.91,17.99,18.47,5.12
2022-04-13,17.82,17.95,17.02,17.02,-7.85
2022-04-14,17.05,17.37,16.95,17.13,0.65
2022-04-15,18.18,18.34,17.69,17.77,3.74
2022-04-18,19.11,19.14,18.83,18.88,6.25
2022-04-19,17.91,17.93,17.62,17.69,-6.3
2022-04-20,17.79,17.86,17.3,17.34,-1.98
2022-04-21,16.79,16.99,16.54,16.77,-3.29
2022-04-22,18.21,18.28,17.66,17.75,5.84
2022-04-25,20.42,21.45,20.41,21.05,18.59
2022-04-26,20.12,20.16,19.53,19.94,-5.27
2022-04-27,22.87,22.87,21.69,21.98,10.23
2022-04-28,21.52,21.66,20.45,20.45,-6.96
2022-04-29,19.99,19.99,18.92,18.92,-7.48
2022-05-02,20.95,21.13,20.45,20.5,8.35
2022-05-03,20.27,20.4,19.47,20.25,-1.22
2022-05-04,19.62,19.98,19.43,19.61,-3.16
2022-05-06,21.21,21.23,20.4,20.87,6.43
2022-05-09,21.27,21.9,21.27,21.39,2.49
2022-05-10,23.05,24.09,21.85,22.11,3.37
2022-05-11,21.76,22.19,21.02,21.1,-4.57
2022-05-12,21.99,23.06,20.65,22.72,7.68
2022-05-13,21.11,21.25,19.69,19.69,-13.34
2022-05-16,19.94,20.88,19.94,20.27,2.95
2022-05-17,19.73,19.73,19.02,19.06,-5.97
2022-05-18,18.24,18.74,18.2,18.4,-3.46
2022-05-19,20.21,20.44,20.01,20.42,10.98
2022-05-20,19.45,19.52,18.92,19.1,-6.46
2022-05-23,19.6,19.84,19.24,19.44,1.78
2022-05-24,19.54,20.61,19.53,20.61,6.02
2022-05-25,20.36,20.5,19.6,19.89,-3.49
2022-05-26,19.39,20.2,19.29,19.91,0.1
2022-05-27,19.2,19.31,18.73,18.8,-5.58
2022-05-30,18.67,18.67,17.74,17.74,-5.64
2022-05-31,17.78,18.07,17.26,17.26,-2.71
2022-06-02,17.88,17.92,17.6,17.6,1.97
2022-06-03,16.97,17.26,16.81,16.87,-4.15
2022-06-07,17.92,18.33,17.62,18.1,7.29
2022-06-08,17.71,17.84,17.1,17.1,-5.52
2022-06-09,17.31,17.47,16.81,17.0,-0.58
2022-06-10,18.2,18.96,18.07,18.29,7.59
2022-06-13,21.22,23.85,21.09,23.3,27.39
2022-06-14,24.84,25.87,23.18,23.74,1.89
2022-06-15,23.7,25.98,23.39,24.27,2.23
2022-06-16,22.34,23.8,21.66,23.72,-2.27
2022-06-17,26.06,26.87,25.02,25.79,8.73
2022-06-20,26.25,27.68,25.66,26.37,2.25
2022-06-21,25.54,25.54,23.4,23.4,-11.26
2022-06-22,23.24,25.69,23.0,25.64,9.57
2022-06-23,24.57,26.53,24.09,25.92,1.09
2022-06-24,25.34,25.44,23.87,23.94,-7.64
2022-06-27,24.37,24.4,22.01,22.5,-6.02
2022-06-28,22.13,22.29,21.21,21.21,-5.73
2022-06-29,22.11,22.83,21.94,22.46,5.89
2022-06-30,23.0,24.0,22.75,23.9,6.41
2022-07-01,23.22,24.84,23.05,23.98,0.33
2022-07-04,24.16,25.07,23.96,24.07,0.38
2022-07-05,23.43,23.52,22.53,22.73,-5.57
2022-07-06,23.98,25.04,23.23,24.67,8.53
2022-07-07,23.72,23.79,23.22,23.6,-4.34
2022-07-08,23.13,23.19,22.5,23.0,-2.54
2022-07-11,23.24,23.62,22.93,23.33,1.43
2022-07-12,23.83,23.97,23.3,23.33,0.0
2022-07-13,23.12,23.53,22.82,23.3,-0.13
2022-07-14,23.51,23.64,22.86,23.32,0.09
2022-07-15,23.08,23.63,22.01,22.08,-5.32
2022-07-18,21.48,21.5,20.53,20.53,-7.02
2022-07-19,21.01,21.06,20.66,20.74,1.02
2022-07-20,20.1,20.63,19.97,20.31,-2.07
2022-07-21,20.27,20.47,19.96,20.02,-1.43
2022-07-22,19.83,20.05,19.64,19.71,-1.55
2022-07-25,20.23,20.38,19.92,19.97,1.32
2022-07-26,20.21,20.28,19.37,19.38,-2.95
2022-07-27,19.71,20.0,19.36,19.39,0.05
2022-07-28,18.74,18.81,18.36,18.36,-5.31
2022-07-29,17.88,18.08,17.65,17.79,-3.1
2022-08-01,18.77,18.79,18.19,18.22,2.42
2022-08-02,18.79,19.67,18.7,19.24,5.6
2022-08-03,19.19,19.34,18.45,18.45,-4.11
2022-08-04,18.12,18.13,17.61,17.7,-4.07
2022-08-05,17.28,17.3,16.96,17.0,-3.95
2022-08-08,17.6,17.79,17.09,17.15,0.88
2022-08-09,16.98,17.08,16.44,16.5,-3.79
2022-08-10,16.96,17.55,16.94,17.18,4.12
2022-08-11,16.18,16.18,15.65,15.74,-8.38
2022-08-12,15.81,15.88,15.38,15.45,-1.84
2022-08-16,16.04,16.04,15.39,15.42,-0.19
2022-08-17,15.15,15.58,15.09,15.51,0.58
2022-08-18,16.15,16.21,15.59,15.77,1.68
2022-08-19,15.98,15.99,15.6,15.73,-0.25
2022-08-22,17.08,17.08,16.4,16.76,6.55
2022-08-23,17.02,17.72,16.89,17.72,5.73
2022-08-24,17.23,17.79,17.13,17.48,-1.35
2022-08-25,16.83,16.89,16.18,16.19,-7.38
2022-08-26,15.95,16.21,15.75,16.19,0.0
2022-08-29,18.79,19.1,18.53,18.72,15.63
2022-08-30,17.72,18.05,17.47,17.47,-6.68
2022-08-31,18.33,18.33,17.09,17.31,-0.92
2022-09-01,18.34,19.31,18.28,19.2,10.92
2022-09-02,18.77,20.12,18.44,19.07,-0.68
2022-09-05,18.74,19.4,18.59,18.87,-1.05
2022-09-06,18.36,18.82,18.18,18.49,-2.01
2022-09-07,19.32,20.68,19.32,19.85,7.36
2022-09-08,19.22,19.24,18.5,19.17,-3.43
2022-09-13,17.49,17.54,16.59,16.68,-12.99
2022-09-14,18.74,19.07,18.1,18.73,12.29
2022-09-15,18.47,18.68,18.06,18.39,-1.82
2022-09-16,19.12,19.4,18.86,19.13,4.02
2022-09-19,19.54,19.87,19.16,19.64,2.67
2022-09-20,18.65,19.55,18.63,19.28,-1.83
2022-09-21,19.77,20.8,19.77,20.8,7.88
2022-09-22,20.96,21.47,20.27,20.47,-1.59
2022-09-23,20.34,20.96,20.29,20.33,-0.68
2022-09-26,22.01,24.05,22.0,24.02,18.15
2022-09-27,23.82,24.57,23.45,23.62,-1.67
2022-09-28,24.11,27.97,24.03,26.59,12.57
2022-09-29,24.46,26.07,24.21,25.96,-2.37
2022-09-30,26.37,27.87,25.95,27.19,4.74
2022-10-04,26.14,26.14,24.96,24.99,-8.09
2022-10-05,23.82,25.24,23.77,24.36,-2.52
2022-10-06,24.05,24.08,23.11,23.37,-4.06
2022-10-07,24.27,24.27,23.68,23.93,2.4
2022-10-11,26.53,26.89,25.69,25.78,7.73
2022-10-12,25.77,25.77,24.69,24.69,-4.23
2022-10-13,25.25,27.47,25.15,27.22,10.25
2022-10-14,24.81,24.86,23.94,23.94,-12.05
2022-10-17,25.44,25.66,24.31,24.4,1.92
2022-10-18,23.09,23.81,22.86,22.86,-6.31
2022-10-19,22.82,23.24,22.25,23.21,1.53
2022-10-20,23.45,24.38,23.42,24.04,3.58
2022-10-21,24.01,24.18,23.89,23.94,-0.42
2022-10-24,23.93,24.97,23.73,24.62,2.84
2022-10-25,24.57,24.66,24.12,24.23,-1.58
2022-10-26,24.34,24.34,23.41,23.42,-3.34
2022-10-27,23.07,23.07,22.11,22.12,-5.55
2022-10-28,22.51,22.71,22.22,22.71,2.67
2022-10-31,22.62,22.82,21.92,21.97,-3.26
2022-11-01,21.69,21.69,21.08,21.11,-3.91
2022-11-02,21.39,21.4,20.91,21.13,0.09
2022-11-03,21.77,21.89,21.01,21.21,0.38
2022-11-04,21.22,21.47,20.84,20.84,-1.74
2022-11-07,21.16,21.25,20.81,20.82,-0.1
2022-11-08,20.44,20.52,19.86,19.99,-3.99
2022-11-09,20.04,20.31,19.95,20.1,0.55
2022-11-10,20.77,21.21,20.63,21.21,5.52
2022-11-11,20.25,20.33,19.93,19.97,-5.85
2022-11-14,20.35,20.59,20.18,20.32,1.75
2022-11-15,20.22,20.33,19.58,19.63,-3.4
2022-11-16,19.96,20.76,19.8,19.87,1.22
2022-11-17,20.06,20.36,19.9,20.09,1.11
2022-11-18,20.09,20.09,19.54,19.87,-1.1
2022-11-21,20.57,20.74,19.79,19.81,-0.3
2022-11-22,19.5,19.53,18.96,19.09,-3.63
2022-11-23,18.57,18.57,17.92,17.92,-6.13
2022-11-24,17.62,17.64,16.82,16.85,-5.97
2022-11-25,17.11,17.11,16.81,16.97,0.71
2022-11-28,18.36,18.5,17.93,18.12,6.78
2022-11-29,18.21,18.25,17.76,17.76,-1.99
2022-11-30,18.04,18.05,17.68,17.78,0.11
2022-12-01,17.48,17.82,17.37,17.51,-1.52
2022-12-02,18.08,18.62,17.92,18.49,5.6
2022-12-05,18.38,18.4,17.96,17.98,-2.76
2022-12-06,18.37,18.4,18.0,18.19,1.17
2022-12-07,18.4,18.56,18.13,18.45,1.43
2022-12-08,18.37,18.73,18.34,18.38,-0.38
2022-12-09,18.02,18.1,17.56,17.57,-4.41
2022-12-12,18.63,18.84,18.49,18.52,5.41
2022-12-13,18.85,19.23,18.79,19.09,3.08
2022-12-14,17.74,17.98,17.21,17.27,-9.53
2022-12-15,16.89,16.93,16.49,16.71,-3.24
2022-12-16,17.29,17.43,16.98,17.03,1.92
2022-12-19,17.86,17.88,17.53,17.6,3.35
2022-12-20,17.67,18.22,17.31,17.98,2.16
2022-12-21,17.85,18.15,17.62,17.62,-2.0
2022-12-22,17.31,17.35,16.57,16.6,-5.79
2022-12-23,17.33,17.78,17.22,17.43,5.0
2022-12-26,17.91,17.96,17.46,17.46,0.17
2022-12-27,17.24,17.41,17.05,17.09,-2.12
2022-12-28,17.52,17.66,17.45,17.53,2.57
2022-12-29,17.8,18.51,17.79,18.4,4.96
2023-01-02,18.77,18.99,18.57,18.85,2.45
2023-01-03,19.31,19.99,18.81,18.96,0.58
2023-01-04,18.95,18.96,18.17,18.17,-4.17
2023-01-05,17.87,18.14,17.75,17.85,-1.76
2023-01-06,17.94,18.12,17.69,17.74,-0.62
2023-01-09,17.85,18.55,17.81,18.48,4.17
2023-01-10,18.52,18.63,18.22,18.22,-1.41
2023-01-11,18.27,18.33,17.82,17.98,-1.32
2023-01-12,18.15,18.39,17.98,18.34,2.0
2023-01-13,17.32,17.36,16.86,17.19,-6.27
2023-01-16,17.42,17.42,16.87,16.88,-1.8
2023-01-17,17.12,17.19,16.84,16.85,-0.18
2023-01-18,17.28,17.37,16.69,16.8,-0.3
2023-01-19,17.07,17.16,16.84,16.89,0.54
2023-01-20,17.02,17.34,16.81,16.81,-0.47
2023-01-25,17.38,17.62,16.84,16.84,0.18
2023-01-26,16.79,17.03,16.29,16.53,-1.84
2023-01-27,16.86,17.7,16.8,16.86,2.0
2023-01-30,17.5,17.63,17.34,17.38,3.08
2023-01-31,17.57,17.85,17.28,17.75,2.13
2023-02-01,17.64,17.79,17.43,17.54,-1.18
2023-02-02,16.9,17.08,16.54,17.08,-2.62
2023-02-03,16.98,17.11,16.88,17.01,-0.41
2023-02-06,17.38,17.55,17.11,17.55,3.17
2023-02-07,17.36,17.58,17.05,17.31,-1.37
2023-02-08,17.16,17.64,17.12,17.5,1.1
2023-02-09,17.77,17.95,17.53,17.95,2.57
2023-02-10,18.14,18.17,17.53,17.53,-2.34
2023-02-13,18.31,18.45,18.17,18.23,3.99
2023-02-14,18.23,18.52,18.11,18.52,1.59
2023-02-15,18.0,18.34,17.88,18.18,-1.84
2023-02-16,17.81,17.92,17.6,17.84,-1.87
2023-02-17,18.35,18.41,18.14,18.23,2.19
2023-02-20,18.92,19.08,18.53,18.64,2.25
2023-02-21,19.11,19.11,18.8,18.89,1.34
2023-02-22,19.71,19.74,19.47,19.56,3.55
2023-02-23,19.28,19.33,18.79,18.99,-2.91
2023-02-24,18.9,19.0,18.58,18.81,-0.95
2023-02-27,19.86,19.96,19.29,19.38,3.03
2023-02-28,18.92,18.93,18.46,18.53,-4.39
2023-03-02,18.62,18.91,18.24,18.31,-1.19
2023-03-03,18.08,18.16,17.68,17.69,-3.39
2023-03-06,17.57,17.67,17.15,17.18,-2.88
2023-03-07,16.97,17.03,16.8,16.95,-1.34
2023-03-08,17.29,17.37,17.08,17.21,1.53
2023-03-09,16.85,16.96,16.5,16.53,-3.95
2023-03-10,17.77,17.95,17.45,17.56,6.23
2023-03-13,18.23,19.02,18.14,18.2,3.64
2023-03-14,19.64,21.62,19.6,21.11,15.99
2023-03-15,19.34,19.5,18.69,18.75,-11.18
2023-03-16,20.7,20.84,19.66,19.97,6.51
2023-03-17,18.76,19.14,18.26,18.26,-8.56
2023-03-20,19.12,20.62,19.02,20.62,12.92
2023-03-21,19.8,20.01,19.45,19.51,-5.38
2023-03-22,18.78,18.86,18.28,18.29,-6.25
2023-03-23,18.57,18.65,17.85,17.97,-1.75
2023-03-24,17.98,18.48,17.58,17.59,-2.11
2023-03-27,18.35,18.6,17.97,17.97,2.16
2023-03-28,17.4,17.44,16.76,16.81,-6.46
2023-03-29,16.6,16.71,16.14,16.15,-3.93
2023-03-30,15.98,16.0,15.68,15.7,-2.79
2023-03-31,15.58,15.67,15.46,15.57,-0.83
2023-04-03,16.14,16.17,15.84,15.88,1.99
2023-04-04,15.68,15.69,15.22,15.22,-4.16
2023-04-05,15.3,15.45,15.23,15.36,0.92
2023-04-06,15.64,16.13,15.59,15.87,3.32
2023-04-07,15.59,15.61,15.25,15.35,-3.28
2023-04-10,15.69,15.94,15.59,15.72,2.41
2023-04-11,15.64,15.88,15.49,15.62,-0.64
2023-04-12,15.82,16.04,15.77,15.82,1.28
2023-04-13,15.89,15.91,15.49,15.52,-1.9
2023-04-14,15.82,16.0,15.22,15.42,-0.64
2023-04-17,15.91,15.93,15.49,15.49,0.45
2023-04-18,15.42,15.47,15.13,15.17,-2.07
2023-04-19,15.08,15.16,14.79,14.86,-2.04
2023-04-20,14.81,14.85,14.63,14.63,-1.55
2023-04-21,14.85,15.03,14.62,14.62,-0.07
2023-04-24,15.15,15.15,14.8,14.86,1.64
2023-04-25,14.8,15.4,14.54,15.02,1.08
2023-04-26,15.14,15.25,14.89,15.09,0.47
2023-04-27,15.33,15.61,14.81,14.86,-1.52
2023-04-28,14.6,14.9,14.28,14.51,-2.36
2023-05-02,14.6,14.65,14.18,14.21,-2.07
2023-05-03,14.69,15.18,14.66,15.09,6.19
2023-05-04,15.4,15.54,15.15,15.27,1.19
2023-05-08,14.96,15.01,14.72,14.87,-2.62
2023-05-09,14.97,14.97,14.2,14.39,-3.23
2023-05-10,14.46,15.01,14.31,14.77,2.64
2023-05-11,14.32,14.36,13.94,14.31,-3.11
2023-05-12,14.33,14.41,13.93,13.93,-2.66
2023-05-15,14.51,14.57,13.81,13.81,-0.86
2023-05-16,13.47,13.68,13.47,13.59,-1.59
2023-05-17,13.71,13.73,13.47,13.52,-0.52
2023-05-18,13.36,13.63,13.29,13.54,0.15
2023-05-19,13.7,14.26,13.67,14.13,4.36
2023-05-22,14.96,15.15,14.67,14.74,4.32
2023-05-23,14.84,14.85,14.56,14.56,-1.22
2023-05-24,14.78,14.91,14.67,14.87,2.13
2023-05-25,14.95,15.15,14.91,15.07,1.34
2023-05-26,15.0,15.1,14.92,14.96,-0.73
2023-05-30,15.33,15.34,14.79,14.79,-1.14
2023-05-31,14.88,14.9,14.63,14.8,0.07
2023-06-01,14.65,14.71,14.34,14.35,-3.04
2023-06-02,14.06,14.09,13.82,13.96,-2.72
2023-06-05,14.16,14.26,13.99,14.08,0.86
2023-06-07,13.91,13.91,13.63,13.71,-2.63
2023-06-08,13.53,13.55,13.11,13.44,-1.97
2023-06-09,13.27,13.5,13.02,13.16,-2.08
2023-06-12,13.64,13.67,13.45,13.45,2.2
2023-06-13,13.8,14.1,13.7,13.76,2.3
2023-06-14,13.81,13.83,13.42,13.55,-1.53
2023-06-15,13.3,13.43,13.16,13.25,-2.21
2023-06-16,13.61,13.61,13.11,13.13,-0.91
2023-06-19,13.69,13.8,13.35,13.35,1.68
2023-06-20,13.41,13.44,13.01,13.02,-2.47
2023-06-21,13.12,13.39,13.03,13.36,2.61
2023-06-22,13.37,13.44,13.23,13.24,-0.9
2023-06-23,13.11,13.25,13.04,13.04,-1.51
2023-06-26,13.62,13.66,13.45,13.46,3.22
2023-06-27,13.62,13.67,13.18,13.18,-2.08
2023-06-28,13.28,13.36,13.09,13.1,-0.61
2023-06-29,12.9,12.95,12.63,12.93,-1.3
2023-06-30,13.18,13.28,12.57,12.59,-2.63
2023-07-03,12.83,13.01,12.73,12.73,1.11
2023-07-04,12.75,12.76,12.25,12.27,-3.61
2023-07-05,12.45,12.49,11.99,12.37,0.81
2023-07-06,12.57,12.98,12.2,12.98,4.93
2023-07-07,13.87,15.04,13.84,14.58,12.33
2023-07-10,14.42,14.69,14.1,14.63,0.34
2023-07-11,13.92,14.12,13.68,13.82,-5.54
2023-07-12,13.73,14.0,13.7,13.76,-0.43
2023-07-13,13.42,13.46,13.17,13.25,-3.71
2023-07-14,12.91,13.65,12.7,13.19,-0.45
2023-07-17,13.51,13.58,13.21,13.21,0.15
2023-07-18,13.28,13.4,13.07,13.07,-1.06
2023-07-19,13.09,13.14,12.87,12.91,-1.22
2023-07-20,13.24,13.24,13.1,13.22,2.4
2023-07-21,13.74,13.92,13.35,13.35,0.98
2023-07-24,13.9,14.12,13.88,14.12,5.77
2023-07-25,14.24,14.37,14.06,14.08,-0.28
2023-07-26,14.2,14.7,14.19,14.53,3.2
2023-07-27,14.4,14.4,13.84,13.9,-4.34
2023-07-28,14.34,14.65,14.09,14.15,1.8
2023-07-31,14.35,14.54,14.2,14.21,0.42
2023-08-01,14.25,14.31,13.96,14.06,-1.06
2023-08-02,14.39,15.46,14.39,15.36,9.25
2023-08-03,15.4,16.14,15.37,15.88,3.39
2023-08-04,15.84,16.01,15.42,15.55,-2.08
2023-08-07,15.97,15.98,15.34,15.71,1.03
2023-08-08,15.12,16.04,14.86,15.4,-1.97
2023-08-09,15.32,15.32,14.0,14.15,-8.12
2023-08-10,14.5,14.52,13.86,14.0,-1.06
2023-08-11,13.68,13.8,13.43,13.44,-4.0
2023-08-14,14.01,14.53,13.84,14.14,5.21
2023-08-16,14.89,15.39,14.83,15.15,7.14
2023-08-17,15.86,16.74,15.5,15.57,2.77
2023-08-18,16.92,17.09,15.75,16.03,2.95
2023-08-21,16.28,16.29,15.63,16.03,0.0
2023-08-22,15.51,15.51,15.02,15.33,-4.37
2023-08-23,15.72,15.72,14.96,14.97,-2.35
2023-08-24,14.31,14.33,13.8,13.94,-6.88
2023-08-25,15.2,15.23,14.69,14.86,6.6
2023-08-28,14.53,14.57,14.15,14.18,-4.58
2023-08-29,13.89,14.04,13.44,13.49,-4.87
2023-08-30,13.14,13.19,12.86,13.05,-3.26
2023-08-31,12.88,12.91,12.7,12.78,-2.07
2023-09-01,12.74,12.77,12.42,12.53,-1.96
2023-09-04,12.82,12.88,12.42,12.49,-0.32
2023-09-05,12.51,12.53,12.31,12.42,-0.56
2023-09-06,12.39,12.56,12.27,12.46,0.32
2023-09-07,12.55,12.72,12.39,12.69,1.85
2023-09-08,12.51,12.79,12.4,12.4,-2.29
2023-09-11,12.55,12.73,12.37,12.42,0.16
2023-09-12,12.24,12.55,12.21,12.4,-0.16
2023-09-13,12.54,12.66,12.27,12.64,1.94
2023-09-14,12.42,12.43,11.96,12.02,-4.91
2023-09-15,11.92,12.11,11.72,11.73,-2.41
2023-09-18,12.76,12.9,12.69,12.85,9.55
2023-09-19,12.85,13.11,12.83,12.95,0.78
2023-09-20,13.11,13.18,13.0,13.03,0.62
2023-09-21,13.33,14.0,13.23,13.96,7.14
2023-09-22,15.25,15.51,14.12,14.18,1.58
2023-09-25,14.72,14.72,14.04,14.1,-0.56
2023-09-26,14.12,14.88,14.11,14.74,4.54
2023-09-27,15.43,15.43,14.94,15.08,2.31
2023-10-04,17.16,18.13,17.16,18.09,19.96
2023-10-05,17.1,17.62,16.96,17.34,-4.15
2023-10-06,17.11,17.39,16.83,17.39,0.29
2023-10-10,16.77,17.58,16.61,17.56,0.98
2023-10-11,16.78,16.82,16.33,16.74,-4.67
2023-10-12,16.21,16.32,15.7,15.7,-6.21
2023-10-13,16.28,16.35,15.93,15.95,1.59
2023-10-16,16.92,17.63,16.76,17.07,7.02
2023-10-17,16.23,16.49,15.98,16.18,-5.21
2023-10-18,16.36,16.43,15.9,16.0,-1.11
2023-10-19,17.34,18.23,17.18,18.23,13.94
2023-10-20,19.02,20.36,18.95,19.53,7.13
2023-10-23,19.92,19.93,19.41,19.65,0.61
2023-10-24,19.07,20.14,18.74,18.82,-4.22
2023-10-25,18.39,18.67,18.29,18.56,-1.38
2023-10-26,20.19,21.19,19.87,21.14,13.9
2023-10-27,19.98,20.41,19.79,20.02,-5.3
2023-10-30,21.04,21.04,19.88,20.03,0.05
2023-10-31,19.25,20.12,19.05,19.89,-0.7
2023-11-01,19.09,19.2,18.74,18.79,-5.53
2023-11-02,17.73,17.88,17.27,17.49,-6.92
2023-11-03,17.01,17.18,16.67,16.7,-4.52
2023-11-06,16.85,18.97,16.66,18.65,11.68
2023-11-07,18.04,19.18,17.88,18.23,-2.25
2023-11-08,17.84,18.11,17.43,17.56,-3.68
2023-11-09,17.22,17.29,16.38,16.84,-4.1
2023-11-10,17.21,17.43,17.12,17.13,1.72
2023-11-13,17.43,17.97,17.43,17.68,3.21
2023-11-14,17.51,17.55,17.3,17.35,-1.87
2023-11-15,16.72,17.42,16.72,17.24,-0.63
2023-11-16,17.21,17.28,16.86,16.98,-1.51
2023-11-17,16.84,16.95,16.55,16.55,-2.53
2023-11-20,16.85,16.91,16.56,16.68,0.79
2023-11-21,16.36,16.51,16.17,16.18,-3.0
2023-11-22,16.27,16.28,15.86,15.88,-1.85
2023-11-23,16.0,16.02,15.13,15.13,-4.72
2023-11-24,15.07,15.15,14.9,15.04,-0.59
2023-11-27,15.42,15.46,15.15,15.2,1.06
2023-11-28,15.57,15.75,15.32,15.35,0.99
2023-11-29,14.86,15.02,14.58,14.6,-4.89
2023-11-30,14.61,14.69,14.32,14.46,-0.96
2023-12-01,14.52,14.81,14.5,14.5,0.28
2023-12-04,14.9,14.97,14.56,14.61,0.76
2023-12-05,14.62,14.84,14.54,14.84,1.57
2023-12-06,14.49,14.56,14.34,14.56,-1.89
2023-12-07,16.75,16.88,16.64,16.85,15.73
2023-12-08,14.79,14.94,14.59,14.76,-12.4
2023-12-11,14.8,14.94,14.56,14.59,-1.15
2023-12-12,14.42,14.65,14.32,14.45,-0.96
2023-12-13,14.3,14.4,14.09,14.3,-1.04
2023-12-14,14.25,14.28,13.84,14.11,-1.33
2023-12-15,13.89,14.61,13.87,13.98,-0.92
2023-12-18,14.57,14.57,14.21,14.27,2.07
2023-12-19,14.31,14.35,13.85,13.85,-2.94
2023-12-20,13.92,15.42,13.79,14.78,6.71
2023-12-21,14.91,15.09,14.72,14.93,1.01
2023-12-22,15.32,15.34,14.93,14.97,0.27
2023-12-26,15.83,16.31,15.75,16.25,8.55
2023-12-27,16.42,16.94,16.23,16.55,1.85
2023-12-28,16.62,17.78,16.42,17.78,7.43
2024-01-02,18.21,19.16,18.17,18.61,4.67
2024-01-03,18.58,18.58,18.16,18.28,-1.77
2024-01-04,18.42,18.43,17.87,18.2,-0.44
2024-01-05,18.04,18.11,17.67,17.8,-2.2
2024-01-08,17.98,18.03,17.59,17.77,-0.17
2024-01-09,17.78,17.78,17.15,17.42,-1.97
2024-01-10,17.18,17.3,16.79,16.79,-3.62
2024-01-11,16.61,17.65,16.61,17.14,2.08
2024-01-12,17.11,17.37,16.77,16.77,-2.16
2024-01-15,17.25,17.28,16.84,16.84,0.42
2024-01-16,17.03,17.48,17.03,17.18,2.02
2024-01-17,17.18,19.49,17.17,19.31,12.4
2024-01-18,19.15,19.37,18.3,18.32,-5.13
2024-01-19,18.04,18.04,17.53,17.64,-3.71
2024-01-22,17.88,18.17,17.84,18.01,2.1
2024-01-23,17.94,17.97,17.39,17.39,-3.44
2024-01-24,17.32,17.87,17.07,17.07,-1.84
2024-01-25,17.28,17.42,16.92,16.92,-0.88
2024-01-26,17.17,17.37,16.86,16.96,0.24
2024-01-29,17.58,17.72,17.09,17.27,1.83
2024-01-30,17.35,17.6,17.08,17.11,-0.93
2024-01-31,17.44,17.45,16.98,17.02,-0.53
2024-02-01,17.33,17.48,16.77,16.79,-1.35
2024-02-02,16.71,18.12,16.68,17.79,5.96
2024-02-05,18.0,18.33,17.85,18.06,1.52
2024-02-06,17.9,18.14,17.44,17.59,-2.6
2024-02-07,17.68,18.03,17.52,17.62,0.17
2024-02-08,17.69,17.86,17.24,17.24,-2.16
2024-02-13,18.26,18.52,18.02,18.02,4.52
2024-02-14,18.56,18.63,17.93,17.98,-0.22
2024-02-15,17.73,17.93,17.63,17.79,-1.06
2024-02-16,17.82,17.88,17.41,17.41,-2.14
2024-02-19,17.96,18.37,17.88,18.02,3.5
2024-02-20,18.19,18.38,18.03,18.09,0.39
2024-02-21,18.36,18.51,18.26,18.5,2.27
2024-02-22,18.37,18.44,18.12,18.22,-1.51
2024-02-23,18.56,18.74,18.28,18.31,0.49
2024-02-26,18.91,18.91,17.9,17.94,-2.02
2024-02-27,18.09,18.1,17.15,17.16,-4.35
2024-02-28,17.09,17.24,16.74,16.83,-1.92
2024-02-29,16.92,16.93,16.54,16.77,-0.36
2024-03-04,17.25,17.84,17.16,17.33,3.34
2024-03-05,17.28,17.3,16.94,17.13,-1.15
2024-03-06,17.26,17.57,17.22,17.25,0.7
2024-03-07,17.22,17.48,17.11,17.25,0.0
2024-03-08,17.73,17.76,17.2,17.25,0.0
2024-03-11,17.75,18.09,17.61,18.05,4.64
2024-03-12,17.92,17.97,17.67,17.8,-1.39
2024-03-13,17.42,17.49,16.92,16.93,-4.89
2024-03-14,16.78,16.79,16.43,16.51,-2.48
2024-03-15,16.76,17.02,16.65,16.83,1.94
2024-03-18,17.34,17.46,16.95,17.12,1.72
2024-03-19,17.04,17.33,16.78,16.78,-1.99
2024-03-20,16.63,17.18,16.48,16.92,0.83
2024-03-21,17.08,17.96,16.71,17.53,3.61
2024-03-22,17.48,17.82,17.11,17.13,-2.28
2024-03-25,17.63,17.84,17.29,17.35,1.28
2024-03-26,17.49,17.9,17.28,17.34,-0.06
2024-03-27,17.22,17.34,17.1,17.14,-1.15
2024-03-28,17.15,17.23,16.77,16.88,-1.52
2024-03-29,17.02,17.03,16.74,16.84,-0.24
2024-04-01,17.15,17.36,17.07,17.13,1.72
2024-04-02,17.25,17.36,17.02,17.1,-0.18
2024-04-03,17.43,17.65,17.24,17.63,3.1
2024-04-04,17.52,17.59,17.06,17.2,-2.44
2024-04-05,17.92,18.22,17.79,18.12,5.35
2024-04-08,18.33,18.38,17.97,18.16,0.22
2024-04-09,17.68,18.09,17.52,18.09,-0.39
2024-04-11,18.58,18.6,17.91,18.03,-0.33
2024-04-12,17.78,18.29,17.47,17.59,-2.44
2024-04-15,18.86,19.32,18.45,18.45,4.89
2024-04-16,19.2,20.31,19.11,19.95,8.13
2024-04-17,19.39,20.03,19.21,20.02,0.35
2024-04-18,19.69,19.8,19.22,19.42,-3.0
2024-04-19,19.83,25.29,19.81,21.22,9.27
2024-04-22,20.71,20.81,19.76,19.8,-6.69
2024-04-23,19.63,19.64,18.87,18.93,-4.39
2024-04-24,18.05,18.21,17.88,18.02,-4.81
2024-04-25,18.55,18.83,18.28,18.82,4.44
2024-04-26,18.38,18.68,18.07,18.32,-2.66
2024-04-29,18.49,18.5,18.11,18.13,-1.04
2024-04-30,18.16,18.23,17.92,18.14,0.06
2024-05-02,18.16,18.18,17.83,17.88,-1.43
2024-05-03,17.47,17.56,17.22,17.51,-2.07
2024-05-07,17.4,17.4,17.01,17.21,-1.71
2024-05-08,16.96,16.96,16.44,16.46,-4.36
2024-05-09,16.22,16.72,16.2,16.49,0.18
2024-05-10,16.11,16.54,16.1,16.29,-1.21
2024-05-13,16.59,16.85,16.56,16.6,1.9
2024-05-14,16.58,16.74,16.54,16.73,0.78
2024-05-16,16.14,16.21,15.91,15.98,-4.48
2024-05-17,16.03,16.16,15.92,15.98,0.0
2024-05-20,16.26,16.32,15.89,15.95,-0.19
2024-05-21,16.01,16.18,15.84,15.85,-0.63
2024-05-22,15.93,16.17,15.63,15.71,-0.88
2024-05-23,15.69,15.91,15.16,15.22,-3.12
2024-05-24,15.97,16.03,15.43,15.43,1.38
2024-05-27,15.69,15.76,15.18,15.21,-1.43
2024-05-28,15.33,15.38,15.07,15.07,-0.92
2024-05-29,15.19,15.89,15.1,15.66,3.92
2024-05-30,16.14,16.96,16.01,16.82,7.41
2024-05-31,16.31,17.06,16.31,16.9,0.48
2024-06-03,16.78,16.87,16.51,16.69,-1.24
2024-06-04,16.94,16.95,16.53,16.64,-0.3
2024-06-05,16.2,16.91,16.2,16.56,-0.48
2024-06-07,16.46,16.78,16.32,16.64,0.48
2024-06-10,17.01,17.17,16.92,17.17,3.19
2024-06-11,17.13,17.21,16.95,17.16,-0.06
2024-06-12,17.3,17.48,16.94,17.4,1.4
2024-06-13,16.59,16.64,16.39,16.52,-5.06
2024-06-14,16.52,16.58,16.02,16.03,-2.97
2024-06-17,16.8,16.92,16.71,16.71,4.24
2024-06-18,16.61,16.69,16.31,16.34,-2.21
2024-06-19,16.11,16.46,16.11,16.33,-0.06
2024-06-20,16.44,16.59,16.35,16.56,1.41
2024-06-21,16.58,16.77,16.4,16.52,-0.24
2024-06-24,16.89,17.19,16.87,17.02,3.03
2024-06-25,17.11,17.16,16.95,16.98,-0.24
2024-06-26,17.04,17.2,16.74,16.74,-1.41
2024-06-27,16.67,16.84,16.44,16.57,-1.02
2024-06-28,16.57,16.65,16.09,16.1,-2.84
2024-07-01,16.53,16.63,16.05,16.05,-0.31
2024-07-02,16.08,16.15,15.8,15.88,-1.06
2024-07-03,15.71,15.86,15.49,15.55,-2.08
2024-07-04,15.43,16.38,15.35,16.36,5.21
2024-07-05,16.23,17.53,16.16,16.72,2.2
2024-07-08,17.18,17.23,16.78,16.81,0.54
2024-07-09,16.62,16.73,16.2,16.28,-3.15
2024-07-10,16.26,16.28,16.0,16.08,-1.23
2024-07-11,16.18,16.37,16.04,16.12,0.25
2024-07-12,16.33,16.78,16.26,16.44,1.99
2024-07-15,16.9,17.11,16.47,16.47,0.18
2024-07-16,16.68,16.73,16.32,16.34,-0.79
2024-07-17,16.36,16.61,16.28,16.53,1.16
2024-07-18,17.03,17.25,16.7,16.79,1.57
2024-07-19,17.4,17.99,17.23,17.27,2.86
2024-07-22,18.0,18.79,17.99,18.39,6.49
2024-07-23,17.94,18.01,17.38,17.47,-5.0
2024-07-24,17.42,17.65,17.29,17.42,-0.29
2024-07-25,18.47,19.0,18.23,18.77,7.75
2024-07-26,18.65,18.67,17.87,17.98,-4.21
2024-07-29,17.77,17.87,17.46,17.51,-2.61
2024-07-30,18.04,18.09,17.75,17.78,1.54
2024-07-31,17.96,17.98,17.35,17.51,-1.52
2024-08-01,17.24,17.34,17.04,17.12,-2.23
2024-08-02,18.94,21.94,18.82,21.77,27.16
2024-08-05,25.71,48.51,25.7,45.86,110.66
2024-08-06,39.24,48.19,37.87,43.08,-6.06
2024-08-07,41.71,41.71,30.17,30.17,-29.97
2024-08-08,33.86,33.86,28.43,29.02,-3.81
2024-08-09,26.31,27.39,25.53,26.53,-8.58
2024-08-12,25.74,26.03,24.49,24.49,-7.69
2024-08-13,23.87,24.73,23.26,23.64,-3.47
2024-08-14,22.11,22.56,21.62,22.1,-6.51
2024-08-16,19.77,19.97,19.37,19.9,-9.95
2024-08-19,20.12,24.37,20.12,23.22,16.68
2024-08-20,21.37,21.74,21.03,21.03,-9.43
2024-08-21,21.55,21.55,21.12,21.18,0.71
2024-08-22,21.06,21.37,20.91,21.16,-0.09
2024-08-23,21.37,21.54,20.97,21.28,0.57
2024-08-26,21.29,21.39,20.92,20.96,-1.5
2024-08-27,20.72,20.82,19.76,19.76,-5.73
2024-08-28,19.59,19.75,19.21,19.38,-1.92
2024-08-29,20.1,20.29,19.78,19.8,2.17
2024-08-30,19.21,19.23,18.67,18.81,-5.0
2024-09-02,19.31,20.28,19.07,19.34,2.82
2024-09-03,19.31,19.74,18.92,19.73,2.02
2024-09-04,24.83,26.61,23.76,26.04,31.98
2024-09-05,24.84,26.33,23.67,25.5,-2.07
2024-09-06,25.17,27.84,25.07,26.81,5.14
2024-09-09,28.76,29.09,25.61,25.61,-4.48
2024-09-10,24.78,25.39,23.77,23.84,-6.91
2024-09-11,23.57,25.41,23.57,24.06,0.92
2024-09-12,22.55,22.69,21.64,21.73,-9.68
2024-09-13,21.26,21.91,21.16,21.68,-0.23
2024-09-19,22.05,23.37,22.03,22.16,2.21
2024-09-20,21.22,21.29,20.77,21.0,-5.23
2024-09-23,21.56,21.72,21.41,21.49,2.33
2024-09-24,21.26,22.62,20.99,22.26,3.58
2024-09-25,22.7,24.98,22.56,23.91,7.41
2024-09-26,23.77,25.63,23.77,25.63,7.19
2024-09-27,25.43,25.74,25.14,25.4,-0.9
2024-09-30,25.92,26.3,24.87,25.44,0.16
2024-10-02,26.91,26.91,25.74,25.89,1.77
2024-10-04,26.16,26.23,25.53,25.84,-0.19
2024-10-07,26.05,26.33,25.23,25.41,-1.66
2024-10-08,26.18,26.28,25.62,25.62,0.83
2024-10-10,24.36,24.94,23.11,23.27,-9.17
2024-10-11,23.06,23.27,21.99,21.99,-5.5
2024-10-14,22.6,22.6,21.81,21.81,-0.82
2024-10-15,21.43,21.83,21.13,21.24,-2.61
2024-10-16,22.13,22.24,21.61,21.65,1.93
2024-10-17,21.45,21.6,20.93,21.09,-2.59
2024-10-18,20.87,21.4,20.71,20.75,-1.61
2024-10-21,21.26,21.35,20.66,20.9,0.72
2024-10-22,20.88,22.21,20.79,21.7,3.83
2024-10-23,21.65,21.96,21.37,21.54,-0.74
2024-10-24,22.17,22.62,22.03,22.09,2.55
2024-10-25,21.99,22.48,21.94,22.12,0.14
2024-10-28,22.75,22.79,21.92,21.92,-0.9
2024-10-29,22.17,22.28,21.43,21.44,-2.19
2024-10-30,21.52,21.9,21.35,21.55,0.51
2024-10-31,22.07,22.92,22.07,22.65,5.1
2024-11-01,23.67,23.9,22.92,22.95,1.32
2024-11-04,23.38,23.57,22.67,22.83,-0.52
2024-11-05,22.84,22.87,22.47,22.52,-1.36
2024-11-06,22.15,22.31,20.71,20.72,-7.99
2024-11-07,20.51,20.63,19.58,19.77,-4.58
2024-11-08,19.13,19.44,18.74,19.03,-3.74
2024-11-11,19.72,20.61,19.65,19.82,4.15
2024-11-12,20.05,21.67,19.93,21.62,9.08
2024-11-13,22.56,24.86,21.86,24.86,14.99
2024-11-14,24.08,24.11,22.41,23.41,-5.83
2024-11-15,23.64,24.13,21.19,21.74,-7.13
2024-11-18,22.15,22.92,21.09,21.09,-2.99
2024-11-19,21.05,21.09,19.94,20.01,-5.12
2024-11-20,20.09,20.12,19.75,19.93,-0.4
2024-11-21,20.23,20.27,19.45,19.46,-2.36
2024-11-22,19.39,19.45,18.88,18.91,-2.83
2024-11-25,18.9,18.95,18.31,18.59,-1.69
2024-11-26,19.04,19.13,18.5,18.5,-0.48
2024-11-27,18.21,18.3,17.68,18.2,-1.62
2024-11-28,18.25,18.31,17.72,17.72,-2.64
2024-11-29,17.83,23.93,17.83,19.34,9.14
2024-12-02,19.12,20.69,19.06,19.94,3.1
2024-12-03,19.8,19.92,18.89,19.07,-4.36
2024-12-04,24.15,24.15,21.1,21.34,11.9
2024-12-05,21.06,21.35,20.44,20.73,-2.86
2024-12-06,20.41,24.64,19.74,22.0,6.13
2024-12-09,24.03,24.11,22.48,23.45,6.59
2024-12-10,22.48,22.49,21.42,21.62,-7.8
2024-12-11,21.82,21.83,20.53,20.6,-4.72
2024-12-12,20.01,20.27,19.48,19.91,-3.35
2024-12-13,20.23,20.41,19.28,19.49,-2.11
2024-12-16,19.71,19.73,18.8,18.88,-3.13
2024-12-17,18.79,18.91,18.36,18.36,-2.75
2024-12-18,18.33,18.53,17.79,17.96,-2.18
2024-12-19,20.18,20.46,19.37,20.3,13.03
2024-12-20,20.77,23.03,20.64,21.45,5.67
2024-12-23,20.96,21.03,19.95,20.07,-6.43
2024-12-24,19.81,20.39,19.8,20.02,-0.25
2024-12-26,20.15,20.54,20.15,20.49,2.35
2024-12-27,20.8,22.1,20.57,20.88,1.9
2024-12-30,21.92,22.01,21.08,21.14,1.25
2025-01-02,21.91,22.22,20.69,20.7,-2.08
2025-01-03,20.93,21.04,20.25,20.31,-1.88
2025-01-06,20.52,20.74,20.21,20.71,1.97
2025-01-07,21.06,21.31,20.17,20.24,-2.27
2025-01-08,20.46,21.15,20.13,20.2,-0.2
2025-01-09,19.84,20.01,19.49,19.9,-1.49
2025-01-10,20.15,20.44,19.8,19.92,0.1
2025-01-13,21.08,21.21,20.43,20.49,2.86
2025-01-14,19.79,19.97,19.07,19.25,-6.05
2025-01-15,19.62,19.96,18.83,19.26,0.05
2025-01-16,18.34,18.35,17.98,18.14,-5.82
2025-01-17,18.37,18.37,17.53,17.68,-2.54
2025-01-20,18.19,18.55,18.09,18.45,4.36
2025-01-21,18.16,19.42,17.83,18.3,-0.81
2025-01-22,18.02,18.29,17.52,17.67,-3.44
2025-01-23,17.89,18.18,17.53,17.79,0.68
2025-01-24,17.93,17.98,17.7,17.96,0.96
2025-01-31,19.47,19.54,18.79,18.79,4.62
2025-02-03,21.18,23.26,21.01,22.08,17.51
2025-02-04,20.44,21.24,19.88,20.91,-5.3
2025-02-05,20.3,20.37,19.75,20.06,-4.07
2025-02-06,19.53,19.64,18.93,19.12,-4.69
2025-02-07,19.0,19.43,18.84,19.29,0.89
2025-02-10,19.96,20.15,19.63,19.95,3.42
2025-02-11,19.58,19.58,19.16,19.28,-3.36
2025-02-12,19.31,19.62,18.6,18.8,-2.49
2025-02-13,18.65,18.65,17.79,18.03,-4.1
2025-02-14,18.16,18.27,17.56,17.7,-1.83
2025-02-17,18.25,18.29,18.03,18.06,2.03
2025-02-18,18.29,18.41,17.73,17.88,-1.0
2025-02-19,17.88,19.28,17.8,18.49,3.41
2025-02-20,18.57,18.79,18.52,18.64,0.81
2025-02-21,18.82,19.07,18.62,18.64,0.0
2025-02-24,19.98,20.04,19.38,19.48,4.51
2025-02-25,20.18,20.41,19.59,19.6,0.62
2025-02-26,19.85,19.99,19.58,19.93,1.68
2025-02-27,19.78,19.83,19.32,19.32,-3.06
2025-02-28,20.83,24.24,20.46,22.86,18.32
2025-03-04,23.9,24.07,23.05,23.47,2.67
2025-03-05,22.64,22.79,22.04,22.17,-5.54
2025-03-06,21.76,21.8,21.17,21.27,-4.06
2025-03-07,22.43,22.85,21.59,21.97,3.29
2025-03-10,22.78,22.8,21.95,22.13,0.73
2025-03-11,25.58,25.6,23.88,24.08,8.81
2025-03-12,23.72,23.74,22.72,23.08,-4.15
2025-03-13,22.14,23.19,21.36,23.11,0.13
2025-03-14,23.0,23.21,21.87,22.0,-4.8
2025-03-17,21.59,21.65,20.82,20.85,-5.23
2025-03-18,20.58,20.78,19.88,20.41,-2.11
2025-03-19,20.63,20.79,20.16,20.33,-0.39
2025-03-20,20.1,20.15,19.53,19.6,-3.59
2025-03-21,20.07,20.13,19.65,19.66,0.31
2025-03-24,20.22,20.31,19.6,19.68,0.1
2025-03-25,19.56,19.75,19.35,19.64,-0.2
2025-03-26,19.67,20.01,19.64,19.67,0.15
2025-03-27,20.77,20.8,20.31,20.44,3.91
2025-03-28,20.56,22.01,20.55,21.18,3.62
2025-03-31,23.33,25.62,23.33,25.35,19.69
2025-04-01,23.99,24.28,23.36,24.21,-4.5
2025-04-02,24.03,24.73,23.98,24.5,1.2
2025-04-03,28.57,28.64,25.84,26.09,6.49
2025-04-04,27.72,28.96,26.22,26.8,2.72
2025-04-07,40.07,44.23,37.95,44.23,65.04
2025-04-08,38.61,39.27,37.18,37.83,-14.47
2025-04-09,38.96,42.41,38.63,40.97,8.3
2025-04-10,28.9,30.01,27.45,28.2,-31.17
2025-04-11,32.07,33.25,30.58,31.47,11.6
2025-04-14,29.82,30.0,28.0,28.32,-10.01
2025-04-15,25.96,25.96,24.24,24.48,-13.56
2025-04-16,24.96,26.66,24.9,26.62,8.74
2025-04-17,25.8,25.97,24.35,24.59,-7.63
2025-04-18,24.19,24.25,23.46,23.66,-3.78
2025-04-21,24.82,25.17,24.55,25.08,6.0
2025-04-22,25.45,25.45,24.65,24.85,-0.92
2025-04-23,23.9,23.91,22.65,22.74,-8.49
2025-04-24,22.79,23.26,22.64,22.79,0.22
2025-04-25,21.97,21.98,21.43,21.43,-5.97
2025-04-28,21.9,21.94,21.21,21.23,-0.93
2025-04-29,20.97,20.99,20.4,20.7,-2.5
2025-04-30,20.87,21.08,20.55,20.74,0.19
2025-05-02,21.25,21.53,20.58,20.93,0.92
2025-05-07,20.85,21.63,20.57,21.01,0.38
2025-05-08,20.14,20.14,19.28,19.76,-5.95
2025-05-09,19.5,20.03,19.35,19.48,-1.42
2025-05-12,19.45,19.52,18.98,19.2,-1.44
2025-05-13,18.41,18.5,17.85,17.86,-6.98
2025-05-14,17.62,18.53,17.56,17.86,0.0
2025-05-15,18.29,18.68,18.06,18.29,2.41
2025-05-16,18.28,18.34,18.11,18.13,-0.87
2025-05-19,19.16,20.02,19.14,19.69,8.6
2025-05-20,19.2,19.28,18.97,19.18,-2.59
2025-05-21,19.2,19.48,18.99,19.48,1.56
2025-05-22,19.82,20.45,19.8,19.95,2.41
2025-05-23,19.76,19.81,19.56,19.59,-1.8
2025-05-26,20.14,20.23,19.56,19.63,0.2
2025-05-27,19.86,20.05,19.82,20.01,1.94
2025-05-28,19.84,21.0,19.55,20.67,3.3
2025-05-29,21.24,22.2,21.02,21.97,6.29
2025-05-30,22.08,23.06,22.08,22.55,2.64
2025-06-02,23.16,23.56,22.7,22.71,0.71
2025-06-04,23.01,23.14,22.01,22.03,-2.99
2025-06-05,21.97,23.07,21.9,22.49,2.09
2025-06-09,24.47,26.63,24.37,24.84,10.45
2025-06-10,24.47,24.49,23.55,24.34,-2.01
2025-06-11,24.01,24.02,22.52,22.77,-6.45
2025-06-12,22.57,22.95,22.17,22.17,-2.64
2025-06-13,22.11,27.43,22.11,24.91,12.36
2025-06-16,24.59,25.21,23.44,24.77,-0.56
2025-06-17,24.44,26.22,24.44,25.82,4.24
2025-06-18,26.81,26.9,25.74,25.78,-0.15
2025-06-19,25.77,25.89,24.54,24.69,-4.23
2025-06-20,24.52,24.94,23.64,23.97,-2.92
2025-06-23,25.57,26.15,24.7,24.76,3.3
2025-06-24,24.42,25.86,24.37,25.76,4.04
2025-06-25,26.51,26.66,25.55,25.69,-0.27
2025-06-26,25.66,25.82,24.98,25.12,-2.22
2025-06-27,25.21,25.37,24.25,24.27,-3.38
2025-06-30,25.03,25.03,23.97,23.99,-1.15
2025-07-01,24.1,24.51,23.71,23.96,-0.13
2025-07-02,24.24,24.77,23.91,23.95,-0.04
2025-07-03,24.0,24.15,23.83,23.96,0.04
2025-07-04,23.87,25.48,23.69,25.48,6.34
2025-07-07,25.6,25.64,24.7,24.87,-2.39
2025-07-08,24.85,24.98,23.5,23.52,-5.43
2025-07-09,23.37,23.45,21.65,21.85,-7.1
2025-07-10,21.28,21.31,20.69,21.01,-3.84
2025-07-11,20.88,22.79,20.84,21.66,3.09
2025-07-14,23.37,23.82,22.48,22.56,4.16
2025-07-15,22.91,23.11,22.32,22.47,-0.4
2025-07-16,22.79,23.25,22.25,22.27,-0.89
2025-07-17,21.8,22.85,21.67,21.74,-2.38
2025-07-18,21.65,21.77,20.43,20.5,-5.7
2025-07-21,21.29,21.61,20.34,20.4,-0.49
2025-07-22,20.38,22.19,20.29,21.22,4.02
2025-07-23,21.53,22.26,20.97,21.09,-0.61
2025-07-24,20.93,22.01,20.86,21.45,1.71
2025-07-25,21.92,22.11,21.6,21.68,1.07
2025-07-28,22.44,22.7,22.09,22.33,3.0
2025-07-29,22.63,23.72,22.33,22.34,0.04
2025-07-30,22.74,22.97,22.24,22.82,2.15
2025-07-31,22.92,23.21,21.58,21.85,-4.25
2025-08-01,23.07,26.21,22.94,25.87,18.4
2025-08-04,26.05,26.19,23.95,24.05,-7.04
2025-08-05,23.26,23.51,22.3,22.31,-7.23
2025-08-06,22.72,23.0,21.83,21.93,-1.7
2025-08-07,21.59,21.81,21.07,21.08,-3.88
2025-08-08,21.12,21.22,20.49,20.79,-1.38
2025-08-11,20.72,21.08,20.15,20.34,-2.16
2025-08-12,20.37,21.18,20.07,21.15,3.98
2025-08-13,20.11,20.49,20.03,20.11,-4.92
2025-08-14,19.98,20.56,19.98,20.46,1.74
2025-08-18,21.44,21.79,21.27,21.37,4.45
2025-08-19,21.15,21.69,21.01,21.5,0.61
2025-08-20,22.04,23.53,21.91,22.13,2.93
2025-08-21,21.97,22.01,21.07,21.38,-3.39
2025-08-22,21.45,21.63,21.02,21.09,-1.36
2025-08-25,21.19,21.19,20.04,20.1,-4.69
2025-08-26,20.27,20.78,20.21,20.37,1.34
2025-08-27,20.44,20.56,19.83,19.97,-1.96
2025-08-28,20.14,20.16,19.23,19.31,-3.3
2025-08-29,19.29,19.52,19.13,19.52,1.09
2025-09-01,20.32,20.71,19.44,20.4,4.51
2025-09-02,20.45,20.45,19.43,19.57,-4.07
2025-09-03,19.9,20.13,19.49,19.74,0.87
2025-09-04,19.58,19.59,19.12,19.26,-2.43
2025-09-05,18.7,18.8,18.41,18.43,-4.31
2025-09-08,18.71,18.79,18.33,18.36,-0.38
2025-09-09,18.25,18.84,18.03,18.7,1.85
2025-09-10,18.87,20.6,18.82,20.38,8.98
2025-09-11,20.63,20.98,19.94,20.06,-1.57
2025-09-12,20.98,21.05,20.43,20.61,2.74
2025-09-15,21.16,21.33,20.68,20.71,0.49
2025-09-16,20.69,21.27,20.3,21.03,1.55
2025-09-17,21.1,21.16,20.86,21.1,0.33
2025-09-18,20.73,20.82,20.26,20.69,-1.94
2025-09-19,20.95,21.25,20.67,20.68,-0.05
2025-09-22,21.28,21.46,20.79,20.94,1.26
2025-09-23,21.23,21.33,20.82,20.98,0.19
2025-09-24,21.2,21.69,21.18,21.2,1.05
2025-09-25,21.17,21.29,20.55,20.62,-2.74
2025-09-26,20.82,22.67,20.7,21.77,5.58
2025-09-29,21.17,21.18,20.77,20.96,-3.72
2025-09-30,21.08,21.09,20.48,20.62,-1.62
2025-10-01,20.48,20.55,20.13,20.55,-0.34
2025-10-02,21.35,22.66,20.96,22.34,8.71
2025-10-10,22.99,24.47,22.88,23.9,6.98
2025-10-13,27.56,28.44,27.24,28.03,17.28
2025-10-14,26.55,31.12,26.01,30.45,8.63
2025-10-15,28.89,29.02,27.26,27.66,-9.16
2025-10-16,27.86,30.11,27.78,29.89,8.06
2025-10-17,32.72,34.62,32.09,34.58,15.69
2025-10-20,32.18,32.34,30.9,30.9,-10.64
2025-10-21,30.26,31.65,30.0,30.62,-0.91
2025-10-22,30.6,30.91,29.45,29.98,-2.09
2025-10-23,31.05,31.44,30.03,30.63,2.17
2025-10-24,30.77,31.31,30.53,31.29,2.15
2025-10-27,32.57,32.99,32.16,32.94,5.27
2025-10-28,33.36,34.27,32.99,33.24,0.91
2025-10-29,33.61,34.0,32.38,32.63,-1.84
2025-10-30,32.97,33.02,31.68,31.89,-2.27
2025-10-31,31.96,31.97,30.38,30.4,-4.67
2025-11-03,31.15,33.14,30.77,32.89,8.19
2025-11-04,33.62,35.78,33.42,35.78,8.79
2025-11-05,37.5,42.97,37.48,40.51,13.22
2025-11-06,39.17,40.64,38.58,40.2,-0.77
2025-11-07,43.93,44.65,41.88,41.88,4.18
2025-11-10,41.15,41.28,39.69,39.75,-5.09
2025-11-11,39.71,40.03,38.92,38.93,-2.06
2025-11-12,38.48,38.48,36.1,36.1,-7.27
2025-11-13,34.89,34.93,33.1,33.34,-7.65
2025-11-14,35.97,36.93,34.46,36.66,9.96
2025-11-17,35.93,36.13,34.08,34.36,-6.27
2025-11-18,35.41,40.12,34.68,39.26,14.26
2025-11-19,37.84,41.71,37.84,39.51,0.64
2025-11-20,36.33,36.43,34.88,36.28,-8.18
2025-11-21,40.7,41.58,39.79,41.38,14.06
2025-11-24,39.4,40.07,38.61,38.72,-6.43
2025-11-25,36.98,37.92,36.79,37.16,-4.03
2025-11-26,36.31,36.31,32.97,33.06,-11.03
2025-11-27,32.06,32.16,30.77,30.79,-6.87
2025-11-28,30.5,30.88,30.24,30.24,-1.79
2025-12-01,31.0,32.01,30.73,31.55,4.33
2025-12-02,31.71,31.72,29.73,29.73,-5.77
2025-12-03,29.48,29.78,28.89,29.36,-1.24
2025-12-04,29.54,29.73,28.37,28.4,-3.27
2025-12-05,28.42,28.42,26.64,26.95,-5.11
2025-12-08,28.06,28.26,27.26,27.33,1.41
2025-12-09,27.51,27.96,27.44,27.87,1.98
2025-12-10,27.96,27.96,27.44,27.64,-0.83
2025-12-11,27.15,27.99,26.52,27.4,-0.87
2025-12-12,26.79,26.93,25.04,25.05,-8.58
2025-12-15,28.06,28.06,26.69,26.92,7.47
2025-12-16,26.85,28.64,26.59,28.37,5.39
2025-12-17,27.93,28.39,26.78,26.78,-5.6
2025-12-18,28.23,28.51,27.74,27.86,4.03
2025-12-19,27.47,27.89,27.22,27.27,-2.12
2025-12-22,27.24,27.53,27.04,27.19,-0.29
2025-12-23,26.8,26.83,26.02,26.11,-3.97
2025-12-24,26.08,26.09,25.78,25.99,-0.46
2025-12-26,26.4,26.57,26.2,26.2,0.81
2025-12-29,27.17,27.54,26.73,27.48,4.89
2025-12-30,27.76,28.88,27.73,28.85,4.99
2026-01-02,30.05,30.72,29.56,30.6,6.07
2026-01-05,32.67,33.35,32.13,33.03,7.94
2026-01-06,32.98,34.41,32.83,34.33,3.94
2026-01-07,36.5,37.29,35.54,35.57,3.61
2026-01-08,35.31,36.4,35.19,35.21,-1.01
2026-01-09,35.26,35.47,33.98,34.16,-2.98
2026-01-12,35.12,35.22,33.2,33.5,-1.93
2026-01-13,33.54,33.59,32.24,32.52,-2.93
2026-01-14,32.56,32.63,31.47,31.57,-2.92
2026-01-15,31.51,33.0,30.76,32.39,2.6
2026-01-16,33.45,33.51,31.32,31.62,-2.38
2026-01-19,33.28,33.56,32.39,32.99,4.33
2026-01-20,33.17,34.56,32.77,34.56,4.76
2026-01-21,35.59,36.1,34.79,35.58,2.95
2026-01-22,37.3,37.65,34.22,36.36,2.19
2026-01-23,36.02,36.22,34.09,34.09,-6.24
2026-01-26,35.15,35.2,34.28,34.35,0.76
2026-01-27,34.5,34.84,33.61,34.81,1.34
2026-01-28,37.72,38.97,36.94,38.68,11.12
2026-01-29,39.51,40.52,38.54,38.92,0.62
2026-01-30,38.96,40.05,38.62,39.58,1.7
2026-02-02,41.98,47.37,41.61,47.37,19.68
2026-02-03,48.77,50.25,45.08,50.14,5.85
2026-02-04,49.93,52.4,49.66,50.7,1.12
2026-02-05,51.08,52.68,48.69,52.21,2.98
2026-02-06,52.65,54.24,51.48,51.48,-1.4
2026-02-09,52.48,56.42,47.16,47.16,-8.39
2026-02-10,46.42,46.86,41.86,42.0,-10.94
2026-02-11,41.08,41.33,38.73,38.88,-7.43
2026-02-12,40.61,41.91,39.13,40.51,4.19
2026-02-13,40.65,41.93,40.14,41.57,2.62
2026-02-19,44.34,45.23,42.39,42.56,2.38
2026-02-20,42.5,43.88,41.98,43.87,3.08
2026-02-23,46.04,46.46,45.22,46.34,5.63
2026-02-24,47.13,48.3,46.74,48.12,3.84
2026-02-25,48.6,50.99,48.4,49.57,3.01
2026-02-26,50.5,55.03,50.34,54.67,10.29
2026-02-27,54.03,55.13,52.87,54.12,-1.01
2026-03-03,56.82,62.98,55.41,62.98,16.37
2026-03-04,65.74,80.85,64.98,80.37,27.61
2026-03-05,81.99,83.58,73.16,73.71,-8.29
2026-03-06,68.0,68.03,62.69,62.72,-14.91
2026-03-09,62.29,72.97,62.16,71.82,14.51
2026-03-10,69.31,70.42,65.47,66.61,-7.25
2026-03-11,62.56,63.53,62.01,63.19,-5.13
2026-03-12,64.28,65.57,63.93,65.35,3.42
2026-03-13,66.49,66.75,59.98,60.76,-7.02
2026-03-16,58.32,58.68,54.53,54.67,-10.02
2026-03-17,52.44,53.23,51.14,52.6,-3.79
2026-03-18,50.41,54.2,50.23,54.18,3.0
2026-03-19,54.54,55.87,53.97,55.47,2.38
2026-03-20,56.23,56.45,55.28,55.64,0.31
2026-03-23,58.51,62.88,57.9,62.8,12.87
2026-03-24,63.48,66.56,63.48,64.99,3.49
2026-03-25,61.17,62.47,61.17,61.5,-5.37
2026-03-26,60.89,60.89,59.43,59.85,-2.68
2026-03-27,60.68,62.21,60.0,60.6,1.25
2026-03-30,62.98,63.53,61.39,61.43,1.37
2026-03-31,62.2,62.67,61.08,61.48,0.08
2026-04-01,60.22,61.87,58.88,61.65,0.28
2026-04-02,56.8,59.45,56.12,58.91,-4.44
2026-04-03,59.28,59.83,58.94,59.1,0.32
2026-04-06,59.23,59.64,59.12,59.64,0.91
2026-04-07,59.92,61.23,59.07,59.49,-0.25
2026-04-08,57.69,58.86,56.72,57.7,-3.01
2026-04-09,56.43,56.43,53.96,53.96,-6.48
2026-04-10,53.06,53.81,49.07,49.58,-8.12
2026-04-13,51.54,51.98,50.11,50.14,1.13
2026-04-14,48.52,49.87,46.54,49.87,-0.54
2026-04-15,50.21,56.12,50.21,51.97,4.21
2026-04-16,52.51,53.75,50.27,50.47,-2.89
2026-04-17,50.17,50.33,48.51,48.51,-3.88
2026-04-20,49.73,50.55,49.09,50.32,3.73
2026-04-21,50.53,52.17,50.53,51.63,2.6
2026-04-22,51.74,52.43,51.24,52.12,0.95
2026-04-23,52.71,54.7,52.7,54.03,3.66
2026-04-24,53.69,54.28,53.38,53.56,-0.87
2026-04-27,55.41,55.6,54.77,54.95,2.6
2026-04-28,54.08,55.17,54.05,55.0,0.09
2026-04-29,55.8,56.0,55.26,55.57,1.04
2026-04-30,55.12,55.5,54.01,54.34,-2.21
2026-05-04,54.99,56.35,54.99,55.87,2.82
2026-05-06,55.48,64.83,54.57,60.07,7.52
2026-05-07,60.71,62.3,59.38,61.05,1.63
2026-05-08,59.05,60.82,58.28,60.53,-0.85
2026-05-11,60.14,67.31,60.14,65.6,8.38
2026-05-12,67.23,71.91,64.36,70.14,6.92
2026-05-13,75.28,79.1,73.31,76.16,8.58
2026-05-14,72.02,74.99,70.8,72.91,-4.27
2026-05-15,70.55,75.93,67.01,74.71,2.47
2026-05-18,76.81,82.23,74.05,74.05,-0.88
2026-05-19,74.76,76.01,72.5,72.51,-2.08
2026-05-20,71.44,72.95,71.37,71.37,-1.57
2026-05-21,70.64,72.99,68.7,71.33,-0.06
2026-05-22,66.86,67.38,66.25,66.97,-6.11
2026-05-26,69.82,70.29,68.08,68.09,1.67
2026-05-27,67.75,74.06,67.75,70.78,3.95
2026-05-28,70.84,72.29,69.96,71.6,1.16
2026-05-29,71.96,75.27,71.95,74.26,3.72
2026-06-01,72.27,75.14,72.27,74.22,-0.05
2026-06-02,75.37,75.42,71.65,74.3,0.11
